CustomerID,Recency,Frequency,Monetary,AveragePurchaseValue,HistoricalCustomerValue,Cluster,SegmentName
12347.0,95,5,2540.29,508.058,2540.29,3,"High-Value, Frequent Customers"
12348.0,220,1,367.0,367.0,367.0,2,"Low-Spending, Occasional Customers"
12350.0,311,1,334.4,334.4,334.4,0,Dormant / Inactive Customers
12352.0,274,3,1296.38,432.1266666666667,1296.38,1,Regular / Developing Customers
12355.0,96,1,459.4,459.4,459.4,2,"Low-Spending, Occasional Customers"
12356.0,128,1,481.46000000000004,481.46000000000004,481.46000000000004,2,"Low-Spending, Occasional Customers"
12357.0,182,1,6207.67,6207.67,6207.67,1,Regular / Developing Customers
12358.0,3,2,1168.06,584.03,1168.06,1,Regular / Developing Customers
12359.0,9,3,3495.73,1165.2433333333333,3495.73,1,Regular / Developing Customers
12362.0,30,5,2135.79,427.158,2135.79,3,"High-Value, Frequent Customers"
12363.0,36,1,299.1,299.1,299.1,2,"Low-Spending, Occasional Customers"
12364.0,301,1,310.32,310.32,310.32,0,Dormant / Inactive Customers
12367.0,212,1,168.9,168.9,168.9,2,"Low-Spending, Occasional Customers"
12370.0,68,1,938.39,938.39,938.39,1,Regular / Developing Customers
12371.0,30,1,1527.96,1527.96,1527.96,1,Regular / Developing Customers
12372.0,35,1,515.7,515.7,515.7,2,"Low-Spending, Occasional Customers"
12373.0,342,1,364.6,364.6,364.6,0,Dormant / Inactive Customers
12375.0,304,1,230.3,230.3,230.3,0,Dormant / Inactive Customers
12378.0,305,1,4008.62,4008.62,4008.62,1,Regular / Developing Customers
12380.0,157,1,607.5500000000001,607.5500000000001,607.5500000000001,2,"Low-Spending, Occasional Customers"
12381.0,0,5,1845.31,369.062,1845.31,3,"High-Value, Frequent Customers"
12383.0,9,2,750.61,375.305,750.61,1,Regular / Developing Customers
12384.0,29,2,585.27,292.635,585.27,1,Regular / Developing Customers
12386.0,192,2,401.9,200.95,401.9,2,"Low-Spending, Occasional Customers"
12388.0,98,2,334.95000000000005,167.47500000000002,334.95000000000005,2,"Low-Spending, Occasional Customers"
12393.0,39,2,884.1,442.05,884.1,1,Regular / Developing Customers
12394.0,153,2,1272.48,636.24,1272.48,1,Regular / Developing Customers
12395.0,5,7,1762.63,251.80428571428573,1762.63,3,"High-Value, Frequent Customers"
12397.0,243,1,1195.09,1195.09,1195.09,1,Regular / Developing Customers
12399.0,2,3,820.6,273.53333333333336,820.6,1,Regular / Developing Customers
12401.0,99,1,84.3,84.3,84.3,2,"Low-Spending, Occasional Customers"
12406.0,95,1,1621.25,1621.25,1621.25,1,Regular / Developing Customers
12407.0,186,1,719.06,719.06,719.06,2,"Low-Spending, Occasional Customers"
12408.0,152,2,1396.78,698.39,1396.78,1,Regular / Developing Customers
12409.0,65,1,6207.08,6207.08,6207.08,1,Regular / Developing Customers
12410.0,252,2,693.3299999999999,346.66499999999996,693.3299999999999,1,Regular / Developing Customers
12413.0,192,2,673.45,336.725,673.45,1,Regular / Developing Customers
12414.0,188,2,319.61,159.805,319.61,2,"Low-Spending, Occasional Customers"
12415.0,70,10,44582.79,4458.279,44582.79,3,"High-Value, Frequent Customers"
12417.0,181,4,1572.48,393.12,1572.48,1,Regular / Developing Customers
12420.0,153,1,600.39,600.39,600.39,2,"Low-Spending, Occasional Customers"
12422.0,215,1,147.7,147.7,147.7,2,"Low-Spending, Occasional Customers"
12423.0,89,3,548.92,182.97333333333333,548.92,1,Regular / Developing Customers
12427.0,61,2,586.08,293.04,586.08,1,Regular / Developing Customers
12428.0,32,6,6580.52,1096.7533333333333,6580.52,3,"High-Value, Frequent Customers"
12429.0,454,1,1281.5,1281.5,1281.5,0,Dormant / Inactive Customers
12431.0,2,7,3055.05,436.4357142857143,3055.05,3,"High-Value, Frequent Customers"
12433.0,89,5,9033.92,1806.784,9033.92,3,"High-Value, Frequent Customers"
12436.0,335,1,509.01,509.01,509.01,0,Dormant / Inactive Customers
12437.0,9,7,2040.81,291.5442857142857,2040.81,3,"High-Value, Frequent Customers"
12441.0,485,1,173.55,173.55,173.55,0,Dormant / Inactive Customers
12442.0,181,1,172.06,172.06,172.06,2,"Low-Spending, Occasional Customers"
12444.0,0,2,1636.08,818.04,1636.08,1,Regular / Developing Customers
12447.0,67,1,476.49,476.49,476.49,2,"Low-Spending, Occasional Customers"
12449.0,92,3,2724.58,908.1933333333333,2724.58,1,Regular / Developing Customers
12450.0,186,1,96.0,96.0,96.0,2,"Low-Spending, Occasional Customers"
12451.0,214,2,4927.87,2463.935,4927.87,1,Regular / Developing Customers
12455.0,186,3,477.46000000000004,159.15333333333334,477.46000000000004,1,Regular / Developing Customers
12457.0,244,1,196.35,196.35,196.35,2,"Low-Spending, Occasional Customers"
12461.0,125,2,826.88,413.44,826.88,1,Regular / Developing Customers
12462.0,99,1,762.11,762.11,762.11,2,"Low-Spending, Occasional Customers"
12463.0,6,1,350.57,350.57,350.57,2,"Low-Spending, Occasional Customers"
12464.0,283,1,213.89999999999998,213.89999999999998,213.89999999999998,0,Dormant / Inactive Customers
12468.0,218,1,508.95000000000005,508.95000000000005,508.95000000000005,2,"Low-Spending, Occasional Customers"
12471.0,151,12,10274.57,856.2141666666666,10274.57,3,"High-Value, Frequent Customers"
12472.0,152,2,1899.38,949.69,1899.38,1,Regular / Developing Customers
12473.0,60,3,1716.01,572.0033333333333,1716.01,1,Regular / Developing Customers
12474.0,3,3,1179.64,393.21333333333337,1179.64,1,Regular / Developing Customers
12476.0,219,1,311.2,311.2,311.2,2,"Low-Spending, Occasional Customers"
12477.0,38,2,3415.19,1707.595,3415.19,1,Regular / Developing Customers
12478.0,181,1,680.99,680.99,680.99,2,"Low-Spending, Occasional Customers"
12480.0,29,2,1952.93,976.465,1952.93,1,Regular / Developing Customers
12481.0,162,3,2070.23,690.0766666666667,2070.23,1,Regular / Developing Customers
12483.0,35,4,1185.46,296.365,1185.46,1,Regular / Developing Customers
12484.0,152,3,2007.3400000000001,669.1133333333333,2007.3400000000001,1,Regular / Developing Customers
12489.0,162,1,334.93,334.93,334.93,2,"Low-Spending, Occasional Customers"
12490.0,96,4,2463.06,615.765,2463.06,1,Regular / Developing Customers
12491.0,333,1,460.40000000000003,460.40000000000003,460.40000000000003,0,Dormant / Inactive Customers
12492.0,153,1,136.82,136.82,136.82,2,"Low-Spending, Occasional Customers"
12494.0,337,2,210.82,105.41,210.82,0,Dormant / Inactive Customers
12500.0,70,3,745.03,248.34333333333333,745.03,1,Regular / Developing Customers
12501.0,162,1,2169.39,2169.39,2169.39,1,Regular / Developing Customers
12502.0,188,4,3021.07,755.2675,3021.07,1,Regular / Developing Customers
12504.0,90,1,449.4,449.4,449.4,2,"Low-Spending, Occasional Customers"
12507.0,156,1,46.75,46.75,46.75,2,"Low-Spending, Occasional Customers"
12508.0,60,1,274.8,274.8,274.8,2,"Low-Spending, Occasional Customers"
12512.0,244,2,132.18,66.09,132.18,2,"Low-Spending, Occasional Customers"
12516.0,4,1,583.2,583.2,583.2,2,"Low-Spending, Occasional Customers"
12517.0,29,4,2064.4,516.1,2064.4,1,Regular / Developing Customers
12518.0,0,3,1207.16,402.3866666666667,1207.16,1,Regular / Developing Customers
12519.0,153,1,330.84,330.84,330.84,2,"Low-Spending, Occasional Customers"
12520.0,37,1,987.42,987.42,987.42,1,Regular / Developing Customers
12523.0,9,3,398.7,132.9,398.7,1,Regular / Developing Customers
12524.0,70,4,2962.6,740.65,2962.6,3,"High-Value, Frequent Customers"
12526.0,89,2,797.38,398.69,797.38,1,Regular / Developing Customers
12528.0,129,2,552.64,276.32,552.64,1,Regular / Developing Customers
12530.0,30,3,1244.68,414.8933333333334,1244.68,1,Regular / Developing Customers
12532.0,90,1,349.83000000000004,349.83000000000004,349.83000000000004,2,"Low-Spending, Occasional Customers"
12534.0,336,1,1089.18,1089.18,1089.18,0,Dormant / Inactive Customers
12535.0,92,2,716.35,358.175,716.35,1,Regular / Developing Customers
12536.0,30,1,4279.71,4279.71,4279.71,1,Regular / Developing Customers
12538.0,60,1,363.95,363.95,363.95,2,"Low-Spending, Occasional Customers"
12539.0,70,1,1715.85,1715.85,1715.85,1,Regular / Developing Customers
12540.0,39,8,5047.38,630.9225,5047.38,3,"High-Value, Frequent Customers"
12541.0,60,2,757.44,378.72,757.44,1,Regular / Developing Customers
12544.0,274,1,372.7,372.7,372.7,0,Dormant / Inactive Customers
12547.0,251,1,159.4,159.4,159.4,2,"Low-Spending, Occasional Customers"
12552.0,333,1,120.0,120.0,120.0,0,Dormant / Inactive Customers
12553.0,0,4,1356.57,339.1425,1356.57,1,Regular / Developing Customers
12556.0,33,1,308.75,308.75,308.75,2,"Low-Spending, Occasional Customers"
12557.0,39,3,8183.46,2727.82,8183.46,3,"High-Value, Frequent Customers"
12558.0,301,1,269.96,269.96,269.96,0,Dormant / Inactive Customers
12559.0,311,1,75.60000000000001,75.60000000000001,75.60000000000001,0,Dormant / Inactive Customers
12560.0,242,1,697.7,697.7,697.7,2,"Low-Spending, Occasional Customers"
12561.0,69,1,238.85,238.85,238.85,2,"Low-Spending, Occasional Customers"
12562.0,216,2,1304.3700000000001,652.1850000000001,1304.3700000000001,1,Regular / Developing Customers
12567.0,126,6,4643.61,773.935,4643.61,3,"High-Value, Frequent Customers"
12569.0,0,18,2534.95,140.83055555555555,2534.95,3,"High-Value, Frequent Customers"
12571.0,63,1,248.35,248.35,248.35,2,"Low-Spending, Occasional Customers"
12572.0,332,1,487.68,487.68,487.68,0,Dormant / Inactive Customers
12576.0,130,4,1076.6299999999999,269.15749999999997,1076.6299999999999,1,Regular / Developing Customers
12577.0,243,2,430.71,215.355,430.71,2,"Low-Spending, Occasional Customers"
12580.0,159,1,415.7,415.7,415.7,2,"Low-Spending, Occasional Customers"
12583.0,0,9,5093.2699999999995,565.9188888888889,5093.2699999999995,3,"High-Value, Frequent Customers"
12584.0,157,4,835.94,208.985,835.94,1,Regular / Developing Customers
12587.0,301,1,144.0,144.0,144.0,0,Dormant / Inactive Customers
12589.0,29,1,515.1800000000001,515.1800000000001,515.1800000000001,2,"Low-Spending, Occasional Customers"
12590.0,5,2,9864.26,4932.13,9864.26,1,Regular / Developing Customers
12592.0,66,2,437.6,218.8,437.6,1,Regular / Developing Customers
12593.0,219,2,321.8,160.9,321.8,2,"Low-Spending, Occasional Customers"
12594.0,63,3,850.83,283.61,850.83,1,Regular / Developing Customers
12596.0,36,1,269.95,269.95,269.95,2,"Low-Spending, Occasional Customers"
12597.0,95,1,912.66,912.66,912.66,1,Regular / Developing Customers
12598.0,29,4,1200.32,300.08,1200.32,1,Regular / Developing Customers
12599.0,33,4,636.3,159.075,636.3,1,Regular / Developing Customers
12600.0,29,3,884.02,294.67333333333335,884.02,1,Regular / Developing Customers
12601.0,39,3,325.46,108.48666666666666,325.46,1,Regular / Developing Customers
12602.0,0,1,153.12,153.12,153.12,2,"Low-Spending, Occasional Customers"
12607.0,61,1,1579.51,1579.51,1579.51,1,Regular / Developing Customers
12609.0,187,1,512.8,512.8,512.8,2,"Low-Spending, Occasional Customers"
12610.0,216,1,946.75,946.75,946.75,2,"Low-Spending, Occasional Customers"
12614.0,160,1,315.6,315.6,315.6,2,"Low-Spending, Occasional Customers"
12615.0,151,2,1079.8,539.9,1079.8,1,Regular / Developing Customers
12616.0,215,1,457.7,457.7,457.7,2,"Low-Spending, Occasional Customers"
12617.0,60,1,352.98,352.98,352.98,2,"Low-Spending, Occasional Customers"
12619.0,182,2,871.84,435.92,871.84,1,Regular / Developing Customers
12621.0,5,5,3424.84,684.9680000000001,3424.84,3,"High-Value, Frequent Customers"
12623.0,129,1,305.1,305.1,305.1,2,"Low-Spending, Occasional Customers"
12625.0,5,1,967.2,967.2,967.2,1,Regular / Developing Customers
12626.0,183,2,2440.39,1220.195,2440.39,1,Regular / Developing Customers
12627.0,183,3,2441.14,813.7133333333333,2441.14,1,Regular / Developing Customers
12628.0,182,3,786.46,262.15333333333336,786.46,1,Regular / Developing Customers
12633.0,0,2,434.43,217.215,434.43,1,Regular / Developing Customers
12635.0,31,2,1689.18,844.59,1689.18,1,Regular / Developing Customers
12637.0,92,4,3615.75,903.9375,3615.75,3,"High-Value, Frequent Customers"
12638.0,182,1,671.69,671.69,671.69,2,"Low-Spending, Occasional Customers"
12643.0,39,5,3094.14,618.828,3094.14,3,"High-Value, Frequent Customers"
12644.0,305,1,477.91,477.91,477.91,0,Dormant / Inactive Customers
12645.0,182,2,893.9200000000001,446.96000000000004,893.9200000000001,1,Regular / Developing Customers
12646.0,212,1,615.28,615.28,615.28,2,"Low-Spending, Occasional Customers"
12647.0,31,7,2260.07,322.8671428571429,2260.07,3,"High-Value, Frequent Customers"
12648.0,125,1,318.05,318.05,318.05,2,"Low-Spending, Occasional Customers"
12649.0,35,1,375.0,375.0,375.0,2,"Low-Spending, Occasional Customers"
12650.0,181,1,314.44,314.44,314.44,2,"Low-Spending, Occasional Customers"
12651.0,100,1,114.0,114.0,114.0,2,"Low-Spending, Occasional Customers"
12652.0,9,1,919.98,919.98,919.98,1,Regular / Developing Customers
12654.0,302,1,171.23000000000002,171.23000000000002,171.23000000000002,0,Dormant / Inactive Customers
12659.0,60,1,91.68,91.68,91.68,2,"Low-Spending, Occasional Customers"
12662.0,89,5,1618.21,323.642,1618.21,3,"High-Value, Frequent Customers"
12664.0,0,4,2294.8,573.7,2294.8,1,Regular / Developing Customers
12667.0,0,1,620.13,620.13,620.13,2,"Low-Spending, Occasional Customers"
12669.0,3,2,1607.73,803.865,1607.73,1,Regular / Developing Customers
12670.0,60,2,1273.54,636.77,1273.54,1,Regular / Developing Customers
12673.0,242,1,389.62,389.62,389.62,2,"Low-Spending, Occasional Customers"
12674.0,92,2,993.8000000000001,496.90000000000003,993.8000000000001,1,Regular / Developing Customers
12676.0,124,3,800.15,266.71666666666664,800.15,1,Regular / Developing Customers
12678.0,218,2,2073.52,1036.76,2073.52,1,Regular / Developing Customers
12679.0,0,2,906.38,453.19,906.38,1,Regular / Developing Customers
12680.0,31,2,361.83,180.915,361.83,1,Regular / Developing Customers
12681.0,33,7,5368.29,766.8985714285715,5368.29,3,"High-Value, Frequent Customers"
12682.0,2,16,7279.68,454.98,7279.68,3,"High-Value, Frequent Customers"
12683.0,5,10,4300.7,430.07,4300.7,3,"High-Value, Frequent Customers"
12684.0,66,3,916.26,305.42,916.26,1,Regular / Developing Customers
12685.0,29,3,2019.54,673.18,2019.54,1,Regular / Developing Customers
12686.0,638,1,89.14,89.14,89.14,0,Dormant / Inactive Customers
12689.0,246,1,511.03,511.03,511.03,2,"Low-Spending, Occasional Customers"
12691.0,0,2,479.5,239.75,479.5,1,Regular / Developing Customers
12693.0,5,2,454.01,227.005,454.01,1,Regular / Developing Customers
12694.0,95,1,439.5,439.5,439.5,2,"Low-Spending, Occasional Customers"
12695.0,244,2,248.2,124.1,248.2,2,"Low-Spending, Occasional Customers"
12697.0,29,1,223.68,223.68,223.68,2,"Low-Spending, Occasional Customers"
12700.0,127,4,4939.99,1234.9975,4939.99,3,"High-Value, Frequent Customers"
12701.0,36,1,337.08,337.08,337.08,2,"Low-Spending, Occasional Customers"
12704.0,243,3,1120.85,373.6166666666666,1120.85,1,Regular / Developing Customers
12705.0,128,2,2319.67,1159.835,2319.67,1,Regular / Developing Customers
12708.0,60,4,792.87,198.2175,792.87,1,Regular / Developing Customers
12709.0,0,6,4051.34,675.2233333333334,4051.34,3,"High-Value, Frequent Customers"
12710.0,245,2,430.06,215.03,430.06,2,"Low-Spending, Occasional Customers"
12712.0,9,8,2680.03,335.00375,2680.03,3,"High-Value, Frequent Customers"
12713.0,89,1,848.55,848.55,848.55,1,Regular / Developing Customers
12716.0,181,1,375.59000000000003,375.59000000000003,375.59000000000003,2,"Low-Spending, Occasional Customers"
12717.0,33,2,1030.98,515.49,1030.98,1,Regular / Developing Customers
12719.0,214,2,644.95,322.475,644.95,1,Regular / Developing Customers
12720.0,3,13,3029.32,233.0246153846154,3029.32,3,"High-Value, Frequent Customers"
12721.0,95,4,2026.6299999999999,506.65749999999997,2026.6299999999999,1,Regular / Developing Customers
12722.0,3,1,302.92,302.92,302.92,2,"Low-Spending, Occasional Customers"
12723.0,181,3,376.69,125.56333333333333,376.69,1,Regular / Developing Customers
12724.0,39,2,363.14,181.57,363.14,1,Regular / Developing Customers
12725.0,638,1,427.8,427.8,427.8,0,Dormant / Inactive Customers
12726.0,29,3,1363.9,454.6333333333334,1363.9,1,Regular / Developing Customers
12727.0,215,4,1903.54,475.885,1903.54,1,Regular / Developing Customers
12728.0,39,1,252.54,252.54,252.54,2,"Low-Spending, Occasional Customers"
12731.0,35,3,2705.2,901.7333333333332,2705.2,1,Regular / Developing Customers
12735.0,192,1,319.77,319.77,319.77,2,"Low-Spending, Occasional Customers"
12736.0,39,1,234.0,234.0,234.0,2,"Low-Spending, Occasional Customers"
12738.0,666,1,155.35,155.35,155.35,0,Dormant / Inactive Customers
12739.0,335,1,975.54,975.54,975.54,0,Dormant / Inactive Customers
12740.0,153,1,427.6,427.6,427.6,2,"Low-Spending, Occasional Customers"
12744.0,220,3,8209.58,2736.5266666666666,8209.58,3,"High-Value, Frequent Customers"
12747.0,151,5,2226.18,445.236,2226.18,3,"High-Value, Frequent Customers"
12748.0,5,106,13826.84,130.44188679245283,13826.84,3,"High-Value, Frequent Customers"
12749.0,66,4,3518.29,879.5725,3518.29,3,"High-Value, Frequent Customers"
12750.0,277,1,275.88,275.88,275.88,0,Dormant / Inactive Customers
12753.0,99,4,12940.51,3235.1275,12940.51,3,"High-Value, Frequent Customers"
12754.0,160,2,61.62,30.81,61.62,2,"Low-Spending, Occasional Customers"
12755.0,251,2,3811.95,1905.975,3811.95,1,Regular / Developing Customers
12757.0,5,6,3417.37,569.5616666666666,3417.37,3,"High-Value, Frequent Customers"
12758.0,129,1,1570.19,1570.19,1570.19,1,Regular / Developing Customers
12759.0,98,1,444.8,444.8,444.8,2,"Low-Spending, Occasional Customers"
12762.0,301,1,1436.93,1436.93,1436.93,0,Dormant / Inactive Customers
12763.0,577,1,320.08,320.08,320.08,0,Dormant / Inactive Customers
12766.0,100,3,2554.2000000000003,851.4000000000001,2554.2000000000003,1,Regular / Developing Customers
12772.0,30,1,892.47,892.47,892.47,1,Regular / Developing Customers
12775.0,279,2,634.25,317.125,634.25,0,Dormant / Inactive Customers
12778.0,95,2,255.93,127.965,255.93,2,"Low-Spending, Occasional Customers"
12779.0,220,5,2298.15,459.63,2298.15,3,"High-Value, Frequent Customers"
12781.0,153,1,277.48,277.48,277.48,2,"Low-Spending, Occasional Customers"
12782.0,212,1,252.25,252.25,252.25,2,"Low-Spending, Occasional Customers"
12783.0,151,2,622.84,311.42,622.84,1,Regular / Developing Customers
12785.0,424,1,311.95,311.95,311.95,0,Dormant / Inactive Customers
12787.0,92,1,186.56,186.56,186.56,2,"Low-Spending, Occasional Customers"
12789.0,214,1,91.85,91.85,91.85,2,"Low-Spending, Occasional Customers"
12791.0,697,1,192.60000000000002,192.60000000000002,192.60000000000002,0,Dormant / Inactive Customers
12793.0,100,2,545.48,272.74,545.48,1,Regular / Developing Customers
12794.0,304,1,317.0,317.0,317.0,0,Dormant / Inactive Customers
12797.0,454,1,254.03,254.03,254.03,0,Dormant / Inactive Customers
12802.0,187,1,427.58,427.58,427.58,2,"Low-Spending, Occasional Customers"
12808.0,126,3,483.65000000000003,161.21666666666667,483.65000000000003,1,Regular / Developing Customers
12816.0,215,1,253.55,253.55,253.55,2,"Low-Spending, Occasional Customers"
12817.0,282,1,166.04,166.04,166.04,0,Dormant / Inactive Customers
12820.0,181,1,210.35000000000002,210.35000000000002,210.35000000000002,2,"Low-Spending, Occasional Customers"
12821.0,96,1,92.72,92.72,92.72,2,"Low-Spending, Occasional Customers"
12823.0,246,1,229.5,229.5,229.5,2,"Low-Spending, Occasional Customers"
12824.0,30,1,397.12,397.12,397.12,2,"Low-Spending, Occasional Customers"
12826.0,60,3,577.1,192.36666666666667,577.1,1,Regular / Developing Customers
12827.0,152,2,212.4,106.2,212.4,2,"Low-Spending, Occasional Customers"
12828.0,151,5,907.51,181.502,907.51,1,Regular / Developing Customers
12829.0,162,1,207.25,207.25,207.25,2,"Low-Spending, Occasional Customers"
12830.0,92,3,2258.56,752.8533333333334,2258.56,1,Regular / Developing Customers
12832.0,152,2,383.03,191.515,383.03,2,"Low-Spending, Occasional Customers"
12834.0,310,1,312.38,312.38,312.38,0,Dormant / Inactive Customers
12836.0,30,3,2159.23,719.7433333333333,2159.23,1,Regular / Developing Customers
12838.0,182,2,671.95,335.975,671.95,1,Regular / Developing Customers
12839.0,95,5,2203.66,440.73199999999997,2203.66,3,"High-Value, Frequent Customers"
12840.0,65,2,1296.7,648.35,1296.7,1,Regular / Developing Customers
12841.0,4,13,2158.56,166.0430769230769,2158.56,3,"High-Value, Frequent Customers"
12842.0,252,1,310.73,310.73,310.73,2,"Low-Spending, Occasional Customers"
12843.0,66,5,1282.36,256.472,1282.36,1,Regular / Developing Customers
12844.0,60,2,325.96000000000004,162.98000000000002,325.96000000000004,2,"Low-Spending, Occasional Customers"
12849.0,121,1,341.44,341.44,341.44,2,"Low-Spending, Occasional Customers"
12851.0,245,1,131.81,131.81,131.81,2,"Low-Spending, Occasional Customers"
12854.0,6,1,420.46999999999997,420.46999999999997,420.46999999999997,2,"Low-Spending, Occasional Customers"
12855.0,666,1,38.1,38.1,38.1,0,Dormant / Inactive Customers
12856.0,29,3,869.71,289.90333333333336,869.71,1,Regular / Developing Customers
12857.0,69,1,801.6,801.6,801.6,1,Regular / Developing Customers
12865.0,124,1,981.38,981.38,981.38,1,Regular / Developing Customers
12866.0,341,1,559.12,559.12,559.12,0,Dormant / Inactive Customers
12867.0,96,2,1123.91,561.955,1123.91,1,Regular / Developing Customers
12868.0,9,4,1176.3400000000001,294.08500000000004,1176.3400000000001,1,Regular / Developing Customers
12872.0,454,1,378.53000000000003,378.53000000000003,378.53000000000003,0,Dormant / Inactive Customers
12873.0,310,1,374.0,374.0,374.0,0,Dormant / Inactive Customers
12875.0,363,1,293.76000000000005,293.76000000000005,293.76000000000005,0,Dormant / Inactive Customers
12877.0,155,4,376.56,94.14,376.56,1,Regular / Developing Customers
12879.0,92,1,140.5,140.5,140.5,2,"Low-Spending, Occasional Customers"
12881.0,98,1,298.0,298.0,298.0,2,"Low-Spending, Occasional Customers"
12882.0,182,1,471.84000000000003,471.84000000000003,471.84000000000003,2,"Low-Spending, Occasional Customers"
12883.0,31,1,291.63,291.63,291.63,2,"Low-Spending, Occasional Customers"
12884.0,1,1,309.05,309.05,309.05,2,"Low-Spending, Occasional Customers"
12885.0,124,3,1175.22,391.74,1175.22,1,Regular / Developing Customers
12886.0,249,2,1378.4,689.2,1378.4,1,Regular / Developing Customers
12888.0,96,1,81.36,81.36,81.36,2,"Low-Spending, Occasional Customers"
12891.0,157,2,289.0,144.5,289.0,2,"Low-Spending, Occasional Customers"
12893.0,90,1,176.55,176.55,176.55,2,"Low-Spending, Occasional Customers"
12897.0,38,1,128.8,128.8,128.8,2,"Low-Spending, Occasional Customers"
12901.0,35,6,1621.92,270.32,1621.92,3,"High-Value, Frequent Customers"
12910.0,6,2,1286.6200000000001,643.3100000000001,1286.6200000000001,1,Regular / Developing Customers
12912.0,151,2,804.24,402.12,804.24,1,Regular / Developing Customers
12913.0,38,4,1401.49,350.3725,1401.49,1,Regular / Developing Customers
12915.0,666,1,199.65,199.65,199.65,0,Dormant / Inactive Customers
12917.0,277,1,594.0,594.0,594.0,0,Dormant / Inactive Customers
12919.0,3,3,676.82,225.60666666666668,676.82,1,Regular / Developing Customers
12921.0,35,20,7377.78,368.889,7377.78,3,"High-Value, Frequent Customers"
12922.0,337,1,405.38,405.38,405.38,0,Dormant / Inactive Customers
12923.0,183,1,172.82,172.82,172.82,2,"Low-Spending, Occasional Customers"
12924.0,1,2,508.23,254.115,508.23,1,Regular / Developing Customers
12925.0,212,1,325.74,325.74,325.74,2,"Low-Spending, Occasional Customers"
12928.0,6,2,980.26,490.13,980.26,1,Regular / Developing Customers
12929.0,342,1,117.85,117.85,117.85,0,Dormant / Inactive Customers
12931.0,32,5,35265.76,7053.152,35265.76,3,"High-Value, Frequent Customers"
12933.0,341,1,110.75,110.75,110.75,0,Dormant / Inactive Customers
12935.0,151,2,343.78,171.89,343.78,2,"Low-Spending, Occasional Customers"
12939.0,37,4,6397.92,1599.48,6397.92,3,"High-Value, Frequent Customers"
12942.0,454,1,258.75,258.75,258.75,0,Dormant / Inactive Customers
12944.0,243,1,317.56,317.56,317.56,2,"Low-Spending, Occasional Customers"
12947.0,65,4,950.12,237.53,950.12,1,Regular / Developing Customers
12948.0,30,2,660.6700000000001,330.33500000000004,660.6700000000001,1,Regular / Developing Customers
12949.0,90,5,3025.07,605.014,3025.07,3,"High-Value, Frequent Customers"
12950.0,151,2,1531.4,765.7,1531.4,1,Regular / Developing Customers
12951.0,220,2,467.48,233.74,467.48,2,"Low-Spending, Occasional Customers"
12952.0,242,1,297.73,297.73,297.73,2,"Low-Spending, Occasional Customers"
12955.0,120,5,2505.06,501.012,2505.06,3,"High-Value, Frequent Customers"
12956.0,191,1,108.07,108.07,108.07,2,"Low-Spending, Occasional Customers"
12957.0,187,2,1000.2,500.1,1000.2,1,Regular / Developing Customers
12962.0,301,1,95.85000000000001,95.85000000000001,95.85000000000001,0,Dormant / Inactive Customers
12963.0,332,2,630.45,315.225,630.45,0,Dormant / Inactive Customers
12965.0,31,1,769.8100000000001,769.8100000000001,769.8100000000001,1,Regular / Developing Customers
12967.0,638,1,1368.4,1368.4,1368.4,0,Dormant / Inactive Customers
12970.0,301,2,381.67,190.835,381.67,0,Dormant / Inactive Customers
12971.0,9,35,3877.92,110.79771428571429,3877.92,3,"High-Value, Frequent Customers"
12976.0,5,1,738.6,738.6,738.6,1,Regular / Developing Customers
12977.0,186,1,39.239999999999995,39.239999999999995,39.239999999999995,2,"Low-Spending, Occasional Customers"
12980.0,9,5,4082.94,816.588,4082.94,3,"High-Value, Frequent Customers"
12981.0,60,1,185.04,185.04,185.04,2,"Low-Spending, Occasional Customers"
12982.0,36,1,390.54,390.54,390.54,2,"Low-Spending, Occasional Customers"
12985.0,29,2,1239.38,619.69,1239.38,1,Regular / Developing Customers
12989.0,1,7,2961.31,423.0442857142857,2961.31,3,"High-Value, Frequent Customers"
12990.0,121,3,409.5,136.5,409.5,1,Regular / Developing Customers
12993.0,32,1,197.1,197.1,197.1,2,"Low-Spending, Occasional Customers"
12994.0,32,2,621.82,310.91,621.82,1,Regular / Developing Customers
12997.0,1,1,307.92,307.92,307.92,2,"Low-Spending, Occasional Customers"
12999.0,128,1,320.28000000000003,320.28000000000003,320.28000000000003,2,"Low-Spending, Occasional Customers"
13000.0,424,1,201.75,201.75,201.75,0,Dormant / Inactive Customers
13001.0,126,5,3717.6800000000003,743.5360000000001,3717.6800000000003,3,"High-Value, Frequent Customers"
13003.0,33,2,89.05000000000001,44.525000000000006,89.05000000000001,2,"Low-Spending, Occasional Customers"
13004.0,70,7,2364.39,337.77,2364.39,3,"High-Value, Frequent Customers"
13005.0,159,1,321.65,321.65,321.65,2,"Low-Spending, Occasional Customers"
13011.0,666,1,50.550000000000004,50.550000000000004,50.550000000000004,0,Dormant / Inactive Customers
13012.0,66,2,330.12,165.06,330.12,2,"Low-Spending, Occasional Customers"
13013.0,35,10,4000.44,400.044,4000.44,3,"High-Value, Frequent Customers"
13014.0,152,4,1434.08,358.52,1434.08,1,Regular / Developing Customers
13015.0,128,3,979.37,326.45666666666665,979.37,1,Regular / Developing Customers
13016.0,124,1,425.25,425.25,425.25,2,"Low-Spending, Occasional Customers"
13017.0,301,1,204.0,204.0,204.0,0,Dormant / Inactive Customers
13018.0,90,8,2116.4,264.55,2116.4,3,"High-Value, Frequent Customers"
13021.0,127,3,952.83,317.61,952.83,1,Regular / Developing Customers
13023.0,183,2,689.9,344.95,689.9,1,Regular / Developing Customers
13026.0,98,5,975.36,195.072,975.36,1,Regular / Developing Customers
13027.0,156,2,1536.0,768.0,1536.0,1,Regular / Developing Customers
13029.0,90,1,474.29999999999995,474.29999999999995,474.29999999999995,2,"Low-Spending, Occasional Customers"
13030.0,546,1,402.36,402.36,402.36,0,Dormant / Inactive Customers
13034.0,577,1,165.86,165.86,165.86,0,Dormant / Inactive Customers
13037.0,249,1,326.9,326.9,326.9,2,"Low-Spending, Occasional Customers"
13038.0,95,1,196.66,196.66,196.66,2,"Low-Spending, Occasional Customers"
13040.0,182,2,676.99,338.495,676.99,1,Regular / Developing Customers
13043.0,37,1,516.42,516.42,516.42,2,"Low-Spending, Occasional Customers"
13045.0,335,1,305.28000000000003,305.28000000000003,305.28000000000003,0,Dormant / Inactive Customers
13046.0,90,1,431.59,431.59,431.59,2,"Low-Spending, Occasional Customers"
13047.0,121,7,1697.41,242.48714285714286,1697.41,3,"High-Value, Frequent Customers"
13049.0,183,1,502.90000000000003,502.90000000000003,502.90000000000003,2,"Low-Spending, Occasional Customers"
13050.0,63,5,1911.92,382.384,1911.92,3,"High-Value, Frequent Customers"
13052.0,35,1,348.15000000000003,348.15000000000003,348.15000000000003,2,"Low-Spending, Occasional Customers"
13055.0,66,1,344.86,344.86,344.86,2,"Low-Spending, Occasional Customers"
13058.0,0,2,137.70000000000002,68.85000000000001,137.70000000000002,2,"Low-Spending, Occasional Customers"
13059.0,250,1,183.4,183.4,183.4,2,"Low-Spending, Occasional Customers"
13062.0,338,1,346.98,346.98,346.98,0,Dormant / Inactive Customers
13064.0,1,2,639.03,319.515,639.03,1,Regular / Developing Customers
13065.0,697,1,205.86,205.86,205.86,0,Dormant / Inactive Customers
13066.0,152,1,151.81,151.81,151.81,2,"Low-Spending, Occasional Customers"
13069.0,2,14,2825.74,201.8385714285714,2825.74,3,"High-Value, Frequent Customers"
13075.0,305,1,919.61,919.61,919.61,0,Dormant / Inactive Customers
13077.0,120,2,465.55,232.775,465.55,1,Regular / Developing Customers
13078.0,0,10,4629.86,462.986,4629.86,3,"High-Value, Frequent Customers"
13079.0,92,2,65.7,32.85,65.7,2,"Low-Spending, Occasional Customers"
13081.0,60,6,17893.61,2982.2683333333334,17893.61,3,"High-Value, Frequent Customers"
13082.0,216,3,1747.54,582.5133333333333,1747.54,1,Regular / Developing Customers
13083.0,212,1,111.36,111.36,111.36,2,"Low-Spending, Occasional Customers"
13085.0,217,1,137.98000000000002,137.98000000000002,137.98000000000002,2,"Low-Spending, Occasional Customers"
13089.0,6,37,27867.5,753.1756756756756,27867.5,3,"High-Value, Frequent Customers"
13090.0,121,6,4099.54,683.2566666666667,4099.54,3,"High-Value, Frequent Customers"
13091.0,29,1,345.82,345.82,345.82,2,"Low-Spending, Occasional Customers"
13092.0,5,2,151.0,75.5,151.0,2,"Low-Spending, Occasional Customers"
13093.0,98,4,3470.34,867.585,3470.34,3,"High-Value, Frequent Customers"
13094.0,38,8,1134.24,141.78,1134.24,3,"High-Value, Frequent Customers"
13097.0,93,3,1939.18,646.3933333333333,1939.18,1,Regular / Developing Customers
13098.0,33,17,19025.14,1119.125882352941,19025.14,3,"High-Value, Frequent Customers"
13099.0,335,1,207.35999999999999,207.35999999999999,207.35999999999999,0,Dormant / Inactive Customers
13102.0,39,13,3843.97,295.69,3843.97,3,"High-Value, Frequent Customers"
13104.0,181,1,339.48,339.48,339.48,2,"Low-Spending, Occasional Customers"
13107.0,70,1,566.84,566.84,566.84,2,"Low-Spending, Occasional Customers"
13108.0,666,1,350.06,350.06,350.06,0,Dormant / Inactive Customers
13109.0,30,2,786.54,393.27,786.54,1,Regular / Developing Customers
13110.0,121,3,781.88,260.62666666666667,781.88,1,Regular / Developing Customers
13113.0,5,11,4756.24,432.38545454545454,4756.24,3,"High-Value, Frequent Customers"
13115.0,0,2,1779.6200000000001,889.8100000000001,1779.6200000000001,1,Regular / Developing Customers
13117.0,63,5,664.71,132.942,664.71,1,Regular / Developing Customers
13122.0,184,1,18.72,18.72,18.72,2,"Low-Spending, Occasional Customers"
13124.0,31,2,2500.01,1250.005,2500.01,1,Regular / Developing Customers
13126.0,68,5,1126.69,225.33800000000002,1126.69,1,Regular / Developing Customers
13130.0,184,1,64.0,64.0,64.0,2,"Low-Spending, Occasional Customers"
13131.0,218,1,324.9,324.9,324.9,2,"Low-Spending, Occasional Customers"
13133.0,37,2,109.8,54.9,109.8,2,"Low-Spending, Occasional Customers"
13134.0,95,1,360.04,360.04,360.04,2,"Low-Spending, Occasional Customers"
13136.0,35,1,574.46,574.46,574.46,2,"Low-Spending, Occasional Customers"
13137.0,29,4,1989.17,497.2925,1989.17,1,Regular / Developing Customers
13138.0,666,1,193.23,193.23,193.23,0,Dormant / Inactive Customers
13139.0,127,3,1887.38,629.1266666666667,1887.38,1,Regular / Developing Customers
13140.0,485,1,158.26,158.26,158.26,0,Dormant / Inactive Customers
13141.0,96,1,360.18,360.18,360.18,2,"Low-Spending, Occasional Customers"
13144.0,39,1,110.95,110.95,110.95,2,"Low-Spending, Occasional Customers"
13145.0,92,3,499.72,166.57333333333335,499.72,1,Regular / Developing Customers
13147.0,90,2,356.40000000000003,178.20000000000002,356.40000000000003,2,"Low-Spending, Occasional Customers"
13148.0,60,5,1693.18,338.636,1693.18,3,"High-Value, Frequent Customers"
13153.0,242,1,486.22,486.22,486.22,2,"Low-Spending, Occasional Customers"
13155.0,182,2,468.96,234.48,468.96,1,Regular / Developing Customers
13157.0,6,1,300.12,300.12,300.12,2,"Low-Spending, Occasional Customers"
13158.0,2,3,944.65,314.8833333333333,944.65,1,Regular / Developing Customers
13159.0,332,1,282.56,282.56,282.56,0,Dormant / Inactive Customers
13162.0,93,3,1139.86,379.9533333333333,1139.86,1,Regular / Developing Customers
13166.0,341,1,417.2,417.2,417.2,0,Dormant / Inactive Customers
13167.0,275,2,416.76,208.38,416.76,0,Dormant / Inactive Customers
13168.0,274,1,346.53000000000003,346.53000000000003,346.53000000000003,0,Dormant / Inactive Customers
13169.0,153,2,712.88,356.44,712.88,1,Regular / Developing Customers
13173.0,212,2,353.65,176.825,353.65,2,"Low-Spending, Occasional Customers"
13174.0,577,1,1369.06,1369.06,1369.06,0,Dormant / Inactive Customers
13177.0,183,1,282.45,282.45,282.45,2,"Low-Spending, Occasional Customers"
13178.0,96,3,1465.06,488.3533333333333,1465.06,1,Regular / Developing Customers
13183.0,100,4,1799.42,449.855,1799.42,1,Regular / Developing Customers
13184.0,33,5,813.19,162.638,813.19,1,Regular / Developing Customers
13186.0,154,2,1301.94,650.97,1301.94,1,Regular / Developing Customers
13187.0,192,1,236.02,236.02,236.02,2,"Low-Spending, Occasional Customers"
13192.0,215,1,447.62,447.62,447.62,2,"Low-Spending, Occasional Customers"
13193.0,91,1,112.08,112.08,112.08,2,"Low-Spending, Occasional Customers"
13198.0,32,3,1824.44,608.1466666666666,1824.44,1,Regular / Developing Customers
13199.0,121,13,2863.76,220.28923076923078,2863.76,3,"High-Value, Frequent Customers"
13200.0,216,1,319.32,319.32,319.32,2,"Low-Spending, Occasional Customers"
13203.0,32,2,309.86,154.93,309.86,2,"Low-Spending, Occasional Customers"
13207.0,3,1,197.52000000000004,197.52000000000004,197.52000000000004,2,"Low-Spending, Occasional Customers"
13208.0,0,4,692.14,173.035,692.14,1,Regular / Developing Customers
13209.0,90,4,2330.79,582.6975,2330.79,1,Regular / Developing Customers
13210.0,154,1,353.48,353.48,353.48,2,"Low-Spending, Occasional Customers"
13211.0,215,1,673.94,673.94,673.94,2,"Low-Spending, Occasional Customers"
13212.0,91,2,291.47,145.735,291.47,2,"Low-Spending, Occasional Customers"
13213.0,95,2,548.6,274.3,548.6,1,Regular / Developing Customers
13217.0,93,2,137.02,68.51,137.02,2,"Low-Spending, Occasional Customers"
13218.0,246,1,62.63999999999999,62.63999999999999,62.63999999999999,2,"Low-Spending, Occasional Customers"
13220.0,157,2,643.09,321.545,643.09,1,Regular / Developing Customers
13224.0,33,2,2155.95,1077.975,2155.95,1,Regular / Developing Customers
13225.0,61,3,3428.0,1142.6666666666667,3428.0,1,Regular / Developing Customers
13226.0,37,1,108.21000000000001,108.21000000000001,108.21000000000001,2,"Low-Spending, Occasional Customers"
13230.0,60,7,1535.63,219.3757142857143,1535.63,3,"High-Value, Frequent Customers"
13232.0,4,3,461.58,153.85999999999999,461.58,1,Regular / Developing Customers
13233.0,162,1,304.24,304.24,304.24,2,"Low-Spending, Occasional Customers"
13235.0,35,1,1031.07,1031.07,1031.07,1,Regular / Developing Customers
13240.0,245,2,334.11,167.055,334.11,2,"Low-Spending, Occasional Customers"
13242.0,66,2,104.0,52.0,104.0,2,"Low-Spending, Occasional Customers"
13244.0,123,1,121.74000000000001,121.74000000000001,121.74000000000001,2,"Low-Spending, Occasional Customers"
13248.0,155,2,465.68,232.84,465.68,1,Regular / Developing Customers
13249.0,123,2,419.57000000000005,209.78500000000003,419.57000000000005,1,Regular / Developing Customers
13253.0,186,2,1030.4,515.2,1030.4,1,Regular / Developing Customers
13255.0,697,1,225.7,225.7,225.7,0,Dormant / Inactive Customers
13259.0,91,1,283.18,283.18,283.18,2,"Low-Spending, Occasional Customers"
13260.0,91,1,557.62,557.62,557.62,2,"Low-Spending, Occasional Customers"
13263.0,5,13,2726.68,209.74461538461537,2726.68,3,"High-Value, Frequent Customers"
13265.0,1,4,1787.3,446.825,1787.3,1,Regular / Developing Customers
13266.0,60,5,1601.99,320.398,1601.99,3,"High-Value, Frequent Customers"
13267.0,9,11,2592.29,235.66272727272727,2592.29,3,"High-Value, Frequent Customers"
13268.0,6,3,837.53,279.1766666666667,837.53,1,Regular / Developing Customers
13269.0,1,8,2939.04,367.38,2939.04,3,"High-Value, Frequent Customers"
13270.0,485,1,590.0,590.0,590.0,0,Dormant / Inactive Customers
13271.0,302,1,211.49,211.49,211.49,0,Dormant / Inactive Customers
13272.0,31,2,276.56,138.28,276.56,2,"Low-Spending, Occasional Customers"
13276.0,153,2,590.9300000000001,295.46500000000003,590.9300000000001,1,Regular / Developing Customers
13280.0,93,2,406.45,203.225,406.45,1,Regular / Developing Customers
13282.0,280,1,344.70000000000005,344.70000000000005,344.70000000000005,0,Dormant / Inactive Customers
13283.0,30,2,93.66,46.83,93.66,2,"Low-Spending, Occasional Customers"
13285.0,337,1,796.83,796.83,796.83,0,Dormant / Inactive Customers
13291.0,156,1,361.11,361.11,361.11,2,"Low-Spending, Occasional Customers"
13292.0,333,1,329.37,329.37,329.37,0,Dormant / Inactive Customers
13294.0,250,2,873.74,436.87,873.74,1,Regular / Developing Customers
13297.0,275,2,1638.8999999999999,819.4499999999999,1638.8999999999999,1,Regular / Developing Customers
13298.0,120,1,360.0,360.0,360.0,2,"Low-Spending, Occasional Customers"
13301.0,247,2,306.99,153.495,306.99,2,"Low-Spending, Occasional Customers"
13302.0,156,1,63.75,63.75,63.75,2,"Low-Spending, Occasional Customers"
13305.0,37,6,1086.21,181.035,1086.21,3,"High-Value, Frequent Customers"
13307.0,32,1,15.0,15.0,15.0,2,"Low-Spending, Occasional Customers"
13309.0,1,3,1007.09,335.69666666666666,1007.09,1,Regular / Developing Customers
13310.0,29,1,314.38,314.38,314.38,2,"Low-Spending, Occasional Customers"
13311.0,3,2,598.57,299.285,598.57,1,Regular / Developing Customers
13313.0,127,3,934.04,311.34666666666664,934.04,1,Regular / Developing Customers
13314.0,120,2,276.32,138.16,276.32,2,"Low-Spending, Occasional Customers"
13316.0,302,1,1514.17,1514.17,1514.17,0,Dormant / Inactive Customers
13317.0,244,1,959.7,959.7,959.7,2,"Low-Spending, Occasional Customers"
13318.0,120,3,640.76,213.58666666666667,640.76,1,Regular / Developing Customers
13319.0,60,15,6712.74,447.51599999999996,6712.74,3,"High-Value, Frequent Customers"
13320.0,66,2,508.61,254.305,508.61,1,Regular / Developing Customers
13323.0,152,3,530.25,176.75,530.25,1,Regular / Developing Customers
13324.0,31,5,4649.83,929.966,4649.83,3,"High-Value, Frequent Customers"
13327.0,157,4,2084.42,521.105,2084.42,1,Regular / Developing Customers
13329.0,121,2,789.0,394.5,789.0,1,Regular / Developing Customers
13330.0,123,2,805.11,402.555,805.11,1,Regular / Developing Customers
13334.0,161,2,2708.59,1354.295,2708.59,1,Regular / Developing Customers
13338.0,217,1,487.02,487.02,487.02,2,"Low-Spending, Occasional Customers"
13340.0,129,1,3678.03,3678.03,3678.03,1,Regular / Developing Customers
13344.0,160,3,2511.69,837.23,2511.69,1,Regular / Developing Customers
13348.0,183,1,233.76,233.76,233.76,2,"Low-Spending, Occasional Customers"
13351.0,244,1,373.94,373.94,373.94,2,"Low-Spending, Occasional Customers"
13352.0,61,1,397.97999999999996,397.97999999999996,397.97999999999996,2,"Low-Spending, Occasional Customers"
13355.0,93,1,674.7,674.7,674.7,2,"Low-Spending, Occasional Customers"
13359.0,153,1,439.56,439.56,439.56,2,"Low-Spending, Occasional Customers"
13362.0,128,1,768.83,768.83,768.83,2,"Low-Spending, Occasional Customers"
13365.0,182,2,2225.37,1112.685,2225.37,1,Regular / Developing Customers
13368.0,192,1,35.400000000000006,35.400000000000006,35.400000000000006,2,"Low-Spending, Occasional Customers"
13369.0,454,1,308.28000000000003,308.28000000000003,308.28000000000003,0,Dormant / Inactive Customers
13370.0,638,1,754.87,754.87,754.87,0,Dormant / Inactive Customers
13372.0,31,1,378.64,378.64,378.64,2,"Low-Spending, Occasional Customers"
13373.0,61,3,3312.25,1104.0833333333333,3312.25,1,Regular / Developing Customers
13375.0,1,1,778.65,778.65,778.65,1,Regular / Developing Customers
13376.0,335,1,249.76,249.76,249.76,0,Dormant / Inactive Customers
13379.0,303,1,299.53,299.53,299.53,0,Dormant / Inactive Customers
13381.0,31,2,1177.98,588.99,1177.98,1,Regular / Developing Customers
13382.0,251,1,222.99,222.99,222.99,2,"Low-Spending, Occasional Customers"
13384.0,90,2,1305.44,652.72,1305.44,1,Regular / Developing Customers
13394.0,33,4,1218.27,304.5675,1218.27,1,Regular / Developing Customers
13395.0,157,1,307.72,307.72,307.72,2,"Low-Spending, Occasional Customers"
13396.0,60,1,973.72,973.72,973.72,1,Regular / Developing Customers
13397.0,95,2,678.62,339.31,678.62,1,Regular / Developing Customers
13402.0,246,2,621.23,310.615,621.23,1,Regular / Developing Customers
13404.0,35,2,252.49,126.245,252.49,2,"Low-Spending, Occasional Customers"
13408.0,3,22,10221.25,464.60227272727275,10221.25,3,"High-Value, Frequent Customers"
13410.0,218,1,140.4,140.4,140.4,2,"Low-Spending, Occasional Customers"
13414.0,217,1,467.7,467.7,467.7,2,"Low-Spending, Occasional Customers"
13417.0,212,1,404.83,404.83,404.83,2,"Low-Spending, Occasional Customers"
13418.0,35,11,3642.99,331.1809090909091,3642.99,3,"High-Value, Frequent Customers"
13419.0,153,1,221.06,221.06,221.06,2,"Low-Spending, Occasional Customers"
13422.0,183,1,2626.3,2626.3,2626.3,1,Regular / Developing Customers
13426.0,31,5,2017.32,403.464,2017.32,3,"High-Value, Frequent Customers"
13427.0,32,2,464.86,232.43,464.86,1,Regular / Developing Customers
13429.0,61,1,165.72,165.72,165.72,2,"Low-Spending, Occasional Customers"
13431.0,1,2,1269.1,634.55,1269.1,1,Regular / Developing Customers
13434.0,245,1,72.84,72.84,72.84,2,"Low-Spending, Occasional Customers"
13435.0,216,3,1137.28,379.0933333333333,1137.28,1,Regular / Developing Customers
13436.0,120,1,196.89,196.89,196.89,2,"Low-Spending, Occasional Customers"
13437.0,121,4,2374.81,593.7025,2374.81,1,Regular / Developing Customers
13441.0,92,1,296.64,296.64,296.64,2,"Low-Spending, Occasional Customers"
13447.0,182,2,654.01,327.005,654.01,1,Regular / Developing Customers
13448.0,219,4,1423.26,355.815,1423.26,1,Regular / Developing Customers
13450.0,31,4,1289.34,322.335,1289.34,1,Regular / Developing Customers
13451.0,5,3,1778.37,592.79,1778.37,1,Regular / Developing Customers
13455.0,485,1,692.94,692.94,692.94,0,Dormant / Inactive Customers
13456.0,153,2,884.7600000000001,442.38000000000005,884.7600000000001,1,Regular / Developing Customers
13458.0,6,8,5803.16,725.395,5803.16,3,"High-Value, Frequent Customers"
13460.0,60,1,75.98,75.98,75.98,2,"Low-Spending, Occasional Customers"
13461.0,333,1,560.8,560.8,560.8,0,Dormant / Inactive Customers
13462.0,340,1,151.5,151.5,151.5,0,Dormant / Inactive Customers
13464.0,0,1,674.68,674.68,674.68,2,"Low-Spending, Occasional Customers"
13466.0,126,1,307.9,307.9,307.9,2,"Low-Spending, Occasional Customers"
13467.0,274,1,770.66,770.66,770.66,0,Dormant / Inactive Customers
13468.0,0,21,3397.3,161.7761904761905,3397.3,3,"High-Value, Frequent Customers"
13470.0,335,1,49.5,49.5,49.5,0,Dormant / Inactive Customers
13471.0,120,2,955.44,477.72,955.44,1,Regular / Developing Customers
13473.0,39,2,422.64,211.32,422.64,1,Regular / Developing Customers
13475.0,188,2,525.26,262.63,525.26,1,Regular / Developing Customers
13476.0,282,1,727.6,727.6,727.6,0,Dormant / Inactive Customers
13477.0,5,2,421.59,210.795,421.59,1,Regular / Developing Customers
13483.0,214,1,140.34,140.34,140.34,2,"Low-Spending, Occasional Customers"
13484.0,6,1,313.8,313.8,313.8,2,"Low-Spending, Occasional Customers"
13486.0,156,2,819.61,409.805,819.61,1,Regular / Developing Customers
13487.0,66,1,215.65,215.65,215.65,2,"Low-Spending, Occasional Customers"
13488.0,9,4,4038.12,1009.53,4038.12,3,"High-Value, Frequent Customers"
13489.0,217,1,51.36,51.36,51.36,2,"Low-Spending, Occasional Customers"
13491.0,39,5,655.48,131.096,655.48,1,Regular / Developing Customers
13492.0,96,2,676.1,338.05,676.1,1,Regular / Developing Customers
13493.0,98,1,439.28,439.28,439.28,2,"Low-Spending, Occasional Customers"
13494.0,342,1,316.26000000000005,316.26000000000005,316.26000000000005,0,Dormant / Inactive Customers
13495.0,243,3,1483.39,494.46333333333337,1483.39,1,Regular / Developing Customers
13497.0,310,2,348.05,174.025,348.05,0,Dormant / Inactive Customers
13499.0,60,1,323.62,323.62,323.62,2,"Low-Spending, Occasional Customers"
13500.0,93,2,668.8,334.4,668.8,1,Regular / Developing Customers
13502.0,68,1,74.56,74.56,74.56,2,"Low-Spending, Occasional Customers"
13504.0,183,1,295.93,295.93,295.93,2,"Low-Spending, Occasional Customers"
13506.0,577,1,301.12,301.12,301.12,0,Dormant / Inactive Customers
13507.0,181,2,842.69,421.345,842.69,1,Regular / Developing Customers
13508.0,67,1,110.97,110.97,110.97,2,"Low-Spending, Occasional Customers"
13509.0,37,3,265.3,88.43333333333334,265.3,1,Regular / Developing Customers
13510.0,95,3,1239.67,413.22333333333336,1239.67,1,Regular / Developing Customers
13513.0,216,1,205.1,205.1,205.1,2,"Low-Spending, Occasional Customers"
13515.0,189,1,203.4,203.4,203.4,2,"Low-Spending, Occasional Customers"
13517.0,30,1,516.24,516.24,516.24,2,"Low-Spending, Occasional Customers"
13520.0,0,3,1592.45,530.8166666666667,1592.45,1,Regular / Developing Customers
13521.0,120,2,794.25,397.125,794.25,1,Regular / Developing Customers
13522.0,90,1,125.80000000000001,125.80000000000001,125.80000000000001,2,"Low-Spending, Occasional Customers"
13523.0,182,2,1545.79,772.895,1545.79,1,Regular / Developing Customers
13524.0,249,1,159.20000000000002,159.20000000000002,159.20000000000002,2,"Low-Spending, Occasional Customers"
13525.0,220,1,282.88,282.88,282.88,2,"Low-Spending, Occasional Customers"
13527.0,31,3,879.84,293.28000000000003,879.84,1,Regular / Developing Customers
13531.0,485,1,305.45,305.45,305.45,0,Dormant / Inactive Customers
13532.0,182,1,210.31,210.31,210.31,2,"Low-Spending, Occasional Customers"
13533.0,65,1,124.14999999999999,124.14999999999999,124.14999999999999,2,"Low-Spending, Occasional Customers"
13534.0,130,7,1746.18,249.45428571428573,1746.18,3,"High-Value, Frequent Customers"
13536.0,120,2,1005.1,502.55,1005.1,1,Regular / Developing Customers
13538.0,32,4,728.55,182.1375,728.55,1,Regular / Developing Customers
13539.0,283,1,164.1,164.1,164.1,0,Dormant / Inactive Customers
13548.0,67,2,678.16,339.08,678.16,1,Regular / Developing Customers
13549.0,3,3,370.2,123.39999999999999,370.2,1,Regular / Developing Customers
13552.0,124,3,909.34,303.11333333333334,909.34,1,Regular / Developing Customers
13557.0,29,2,584.06,292.03,584.06,1,Regular / Developing Customers
13558.0,91,3,435.39,145.13,435.39,1,Regular / Developing Customers
13560.0,301,1,171.42000000000002,171.42000000000002,171.42000000000002,0,Dormant / Inactive Customers
13561.0,127,1,141.85999999999999,141.85999999999999,141.85999999999999,2,"Low-Spending, Occasional Customers"
13562.0,128,1,603.27,603.27,603.27,2,"Low-Spending, Occasional Customers"
13564.0,546,1,536.0500000000001,536.0500000000001,536.0500000000001,0,Dormant / Inactive Customers
13565.0,100,1,110.17999999999999,110.17999999999999,110.17999999999999,2,"Low-Spending, Occasional Customers"
13569.0,516,1,109.82000000000001,109.82000000000001,109.82000000000001,0,Dormant / Inactive Customers
13570.0,67,1,239.49,239.49,239.49,2,"Low-Spending, Occasional Customers"
13571.0,123,5,983.75,196.75,983.75,1,Regular / Developing Customers
13575.0,0,1,147.41,147.41,147.41,2,"Low-Spending, Occasional Customers"
13576.0,60,8,3233.78,404.2225,3233.78,3,"High-Value, Frequent Customers"
13577.0,6,2,728.45,364.225,728.45,1,Regular / Developing Customers
13579.0,577,1,164.70000000000002,164.70000000000002,164.70000000000002,0,Dormant / Inactive Customers
13581.0,283,1,118.0,118.0,118.0,0,Dormant / Inactive Customers
13583.0,156,1,781.03,781.03,781.03,2,"Low-Spending, Occasional Customers"
13584.0,191,1,142.4,142.4,142.4,2,"Low-Spending, Occasional Customers"
13587.0,153,1,712.4,712.4,712.4,2,"Low-Spending, Occasional Customers"
13588.0,29,4,1043.85,260.9625,1043.85,1,Regular / Developing Customers
13590.0,3,2,513.41,256.705,513.41,1,Regular / Developing Customers
13591.0,183,1,340.9,340.9,340.9,2,"Low-Spending, Occasional Customers"
13592.0,66,2,138.39,69.195,138.39,2,"Low-Spending, Occasional Customers"
13593.0,162,1,559.85,559.85,559.85,2,"Low-Spending, Occasional Customers"
13596.0,242,1,285.44,285.44,285.44,2,"Low-Spending, Occasional Customers"
13599.0,6,11,3279.68,298.15272727272725,3279.68,3,"High-Value, Frequent Customers"
13601.0,5,1,373.2,373.2,373.2,2,"Low-Spending, Occasional Customers"
13602.0,183,1,428.89,428.89,428.89,2,"Low-Spending, Occasional Customers"
13606.0,60,3,276.75,92.25,276.75,1,Regular / Developing Customers
13610.0,67,2,230.25,115.125,230.25,2,"Low-Spending, Occasional Customers"
13611.0,31,1,517.68,517.68,517.68,2,"Low-Spending, Occasional Customers"
13614.0,31,1,302.15,302.15,302.15,2,"Low-Spending, Occasional Customers"
13617.0,4,1,131.10999999999999,131.10999999999999,131.10999999999999,2,"Low-Spending, Occasional Customers"
13623.0,90,2,335.56,167.78,335.56,2,"Low-Spending, Occasional Customers"
13626.0,340,1,257.23,257.23,257.23,0,Dormant / Inactive Customers
13627.0,30,1,304.29,304.29,304.29,2,"Low-Spending, Occasional Customers"
13629.0,90,5,3604.0,720.8,3604.0,3,"High-Value, Frequent Customers"
13630.0,126,3,984.6999999999999,328.2333333333333,984.6999999999999,1,Regular / Developing Customers
13631.0,335,1,52.5,52.5,52.5,0,Dormant / Inactive Customers
13632.0,67,1,259.24,259.24,259.24,2,"Low-Spending, Occasional Customers"
13634.0,36,2,466.29,233.145,466.29,1,Regular / Developing Customers
13635.0,275,1,1071.03,1071.03,1071.03,0,Dormant / Inactive Customers
13636.0,93,3,657.27,219.09,657.27,1,Regular / Developing Customers
13637.0,218,1,262.25,262.25,262.25,2,"Low-Spending, Occasional Customers"
13642.0,127,1,312.28,312.28,312.28,2,"Low-Spending, Occasional Customers"
13643.0,121,3,519.44,173.14666666666668,519.44,1,Regular / Developing Customers
13645.0,32,1,252.1,252.1,252.1,2,"Low-Spending, Occasional Customers"
13649.0,485,1,197.8,197.8,197.8,0,Dormant / Inactive Customers
13650.0,1,3,792.58,264.1933333333333,792.58,1,Regular / Developing Customers
13651.0,243,1,15.0,15.0,15.0,2,"Low-Spending, Occasional Customers"
13652.0,546,1,308.8,308.8,308.8,0,Dormant / Inactive Customers
13654.0,36,2,798.24,399.12,798.24,1,Regular / Developing Customers
13655.0,6,1,383.65,383.65,383.65,2,"Low-Spending, Occasional Customers"
13656.0,192,1,162.70000000000002,162.70000000000002,162.70000000000002,2,"Low-Spending, Occasional Customers"
13662.0,35,1,288.74,288.74,288.74,2,"Low-Spending, Occasional Customers"
13666.0,61,1,20.6,20.6,20.6,2,"Low-Spending, Occasional Customers"
13668.0,36,9,2234.54,248.28222222222223,2234.54,3,"High-Value, Frequent Customers"
13672.0,38,2,186.39000000000001,93.19500000000001,186.39000000000001,2,"Low-Spending, Occasional Customers"
13673.0,152,1,204.12,204.12,204.12,2,"Low-Spending, Occasional Customers"
13675.0,33,1,178.38000000000002,178.38000000000002,178.38000000000002,2,"Low-Spending, Occasional Customers"
13678.0,33,1,232.6,232.6,232.6,2,"Low-Spending, Occasional Customers"
13680.0,120,3,3026.67,1008.89,3026.67,1,Regular / Developing Customers
13681.0,156,2,531.08,265.54,531.08,1,Regular / Developing Customers
13682.0,218,1,59.5,59.5,59.5,2,"Low-Spending, Occasional Customers"
13685.0,61,5,2519.15,503.83000000000004,2519.15,3,"High-Value, Frequent Customers"
13686.0,65,1,72.0,72.0,72.0,2,"Low-Spending, Occasional Customers"
13689.0,153,1,910.0,910.0,910.0,2,"Low-Spending, Occasional Customers"
13690.0,30,1,172.25,172.25,172.25,2,"Low-Spending, Occasional Customers"
13692.0,66,1,14.95,14.95,14.95,2,"Low-Spending, Occasional Customers"
13694.0,66,18,19940.56,1107.808888888889,19940.56,3,"High-Value, Frequent Customers"
13695.0,2,9,1724.47,191.60777777777778,1724.47,3,"High-Value, Frequent Customers"
13697.0,333,1,151.29999999999998,151.29999999999998,151.29999999999998,0,Dormant / Inactive Customers
13699.0,156,1,308.58000000000004,308.58000000000004,308.58000000000004,2,"Low-Spending, Occasional Customers"
13700.0,6,3,719.98,239.99333333333334,719.98,1,Regular / Developing Customers
13704.0,0,3,650.53,216.84333333333333,650.53,1,Regular / Developing Customers
13705.0,301,2,507.32,253.66,507.32,0,Dormant / Inactive Customers
13706.0,69,1,330.79,330.79,330.79,2,"Low-Spending, Occasional Customers"
13709.0,181,8,3079.64,384.955,3079.64,3,"High-Value, Frequent Customers"
13710.0,121,1,180.48,180.48,180.48,2,"Low-Spending, Occasional Customers"
13711.0,219,2,252.06,126.03,252.06,2,"Low-Spending, Occasional Customers"
13712.0,159,1,228.84,228.84,228.84,2,"Low-Spending, Occasional Customers"
13715.0,223,5,1077.39,215.478,1077.39,1,Regular / Developing Customers
13717.0,152,2,389.25,194.625,389.25,2,"Low-Spending, Occasional Customers"
13718.0,159,1,192.5,192.5,192.5,2,"Low-Spending, Occasional Customers"
13719.0,182,1,330.79,330.79,330.79,2,"Low-Spending, Occasional Customers"
13721.0,274,1,524.14,524.14,524.14,0,Dormant / Inactive Customers
13722.0,310,1,1463.47,1463.47,1463.47,0,Dormant / Inactive Customers
13723.0,188,1,199.85000000000002,199.85000000000002,199.85000000000002,2,"Low-Spending, Occasional Customers"
13725.0,161,2,1168.63,584.315,1168.63,1,Regular / Developing Customers
13726.0,333,1,786.98,786.98,786.98,0,Dormant / Inactive Customers
13727.0,29,2,333.48,166.74,333.48,2,"Low-Spending, Occasional Customers"
13728.0,274,2,377.7,188.85,377.7,0,Dormant / Inactive Customers
13730.0,337,1,306.75,306.75,306.75,0,Dormant / Inactive Customers
13731.0,159,2,610.59,305.295,610.59,1,Regular / Developing Customers
13732.0,29,1,491.86,491.86,491.86,2,"Low-Spending, Occasional Customers"
13736.0,242,1,372.27,372.27,372.27,2,"Low-Spending, Occasional Customers"
13741.0,95,2,363.13,181.565,363.13,2,"Low-Spending, Occasional Customers"
13742.0,31,5,954.87,190.974,954.87,1,Regular / Developing Customers
13743.0,1,4,916.68,229.17,916.68,1,Regular / Developing Customers
13744.0,215,1,263.2,263.2,263.2,2,"Low-Spending, Occasional Customers"
13747.0,697,1,79.6,79.6,79.6,0,Dormant / Inactive Customers
13748.0,159,4,800.8,200.2,800.8,1,Regular / Developing Customers
13750.0,162,1,325.44,325.44,325.44,2,"Low-Spending, Occasional Customers"
13752.0,96,5,876.39,175.278,876.39,1,Regular / Developing Customers
13754.0,33,1,126.6,126.6,126.6,2,"Low-Spending, Occasional Customers"
13755.0,153,3,726.8100000000001,242.27,726.8100000000001,1,Regular / Developing Customers
13756.0,61,8,3326.6400000000003,415.83000000000004,3326.6400000000003,3,"High-Value, Frequent Customers"
13758.0,100,5,1784.37,356.87399999999997,1784.37,3,"High-Value, Frequent Customers"
13759.0,182,1,99.0,99.0,99.0,2,"Low-Spending, Occasional Customers"
13762.0,219,1,306.72,306.72,306.72,2,"Low-Spending, Occasional Customers"
13763.0,153,1,1714.96,1714.96,1714.96,1,Regular / Developing Customers
13764.0,192,1,499.89,499.89,499.89,2,"Low-Spending, Occasional Customers"
13767.0,33,17,8407.1,494.5352941176471,8407.1,3,"High-Value, Frequent Customers"
13769.0,93,6,1670.8000000000002,278.4666666666667,1670.8000000000002,3,"High-Value, Frequent Customers"
13771.0,183,3,2041.2,680.4,2041.2,1,Regular / Developing Customers
13772.0,182,2,894.21,447.105,894.21,1,Regular / Developing Customers
13777.0,89,18,12215.31,678.6283333333333,12215.31,3,"High-Value, Frequent Customers"
13780.0,301,1,243.73000000000002,243.73000000000002,243.73000000000002,0,Dormant / Inactive Customers
13781.0,281,1,127.84,127.84,127.84,0,Dormant / Inactive Customers
13782.0,155,2,266.0,133.0,266.0,2,"Low-Spending, Occasional Customers"
13784.0,39,6,1123.47,187.245,1123.47,3,"High-Value, Frequent Customers"
13786.0,516,1,230.39999999999998,230.39999999999998,230.39999999999998,0,Dormant / Inactive Customers
13787.0,424,1,106.4,106.4,106.4,0,Dormant / Inactive Customers
13790.0,212,1,348.8,348.8,348.8,2,"Low-Spending, Occasional Customers"
13791.0,246,1,579.0,579.0,579.0,2,"Low-Spending, Occasional Customers"
13792.0,244,1,120.95,120.95,120.95,2,"Low-Spending, Occasional Customers"
13798.0,1,29,21790.46,751.395172413793,21790.46,3,"High-Value, Frequent Customers"
13800.0,283,1,558.32,558.32,558.32,0,Dormant / Inactive Customers
13801.0,244,1,324.8,324.8,324.8,2,"Low-Spending, Occasional Customers"
13802.0,342,1,969.74,969.74,969.74,0,Dormant / Inactive Customers
13804.0,90,4,844.85,211.2125,844.85,1,Regular / Developing Customers
13805.0,305,1,500.24,500.24,500.24,0,Dormant / Inactive Customers
13806.0,153,1,256.38,256.38,256.38,2,"Low-Spending, Occasional Customers"
13807.0,516,1,112.6,112.6,112.6,0,Dormant / Inactive Customers
13808.0,154,4,1591.56,397.89,1591.56,1,Regular / Developing Customers
13809.0,161,1,155.05,155.05,155.05,2,"Low-Spending, Occasional Customers"
13810.0,29,1,246.01,246.01,246.01,2,"Low-Spending, Occasional Customers"
13811.0,95,1,333.0,333.0,333.0,2,"Low-Spending, Occasional Customers"
13812.0,183,1,139.88,139.88,139.88,2,"Low-Spending, Occasional Customers"
13813.0,31,1,292.24,292.24,292.24,2,"Low-Spending, Occasional Customers"
13814.0,123,1,961.58,961.58,961.58,1,Regular / Developing Customers
13816.0,183,1,371.69,371.69,371.69,2,"Low-Spending, Occasional Customers"
13817.0,60,1,254.28,254.28,254.28,2,"Low-Spending, Occasional Customers"
13819.0,38,2,732.05,366.025,732.05,1,Regular / Developing Customers
13822.0,242,1,163.62,163.62,163.62,2,"Low-Spending, Occasional Customers"
13823.0,92,1,650.42,650.42,650.42,2,"Low-Spending, Occasional Customers"
13824.0,6,3,1371.28,457.0933333333333,1371.28,1,Regular / Developing Customers
13831.0,219,2,719.3,359.65,719.3,1,Regular / Developing Customers
13833.0,278,1,383.85,383.85,383.85,0,Dormant / Inactive Customers
13835.0,127,2,537.34,268.67,537.34,1,Regular / Developing Customers
13837.0,5,1,157.54000000000002,157.54000000000002,157.54000000000002,2,"Low-Spending, Occasional Customers"
13838.0,242,2,437.94,218.97,437.94,2,"Low-Spending, Occasional Customers"
13841.0,340,1,85.0,85.0,85.0,0,Dormant / Inactive Customers
13842.0,0,6,2137.09,356.1816666666667,2137.09,3,"High-Value, Frequent Customers"
13845.0,183,1,312.98,312.98,312.98,2,"Low-Spending, Occasional Customers"
13846.0,36,1,252.53,252.53,252.53,2,"Low-Spending, Occasional Customers"
13848.0,123,2,640.0,320.0,640.0,1,Regular / Developing Customers
13850.0,305,1,1595.48,1595.48,1595.48,0,Dormant / Inactive Customers
13851.0,215,2,2405.14,1202.57,2405.14,1,Regular / Developing Customers
13854.0,1,11,3696.87,336.0790909090909,3696.87,3,"High-Value, Frequent Customers"
13856.0,95,1,124.60000000000001,124.60000000000001,124.60000000000001,2,"Low-Spending, Occasional Customers"
13860.0,120,1,319.45,319.45,319.45,2,"Low-Spending, Occasional Customers"
13862.0,39,3,1026.16,342.05333333333334,1026.16,1,Regular / Developing Customers
13863.0,189,1,305.78,305.78,305.78,2,"Low-Spending, Occasional Customers"
13865.0,0,2,277.44,138.72,277.44,2,"Low-Spending, Occasional Customers"
13867.0,121,2,561.3,280.65,561.3,1,Regular / Developing Customers
13868.0,301,2,3192.54,1596.27,3192.54,1,Regular / Developing Customers
13869.0,124,1,1510.49,1510.49,1510.49,1,Regular / Developing Customers
13870.0,151,1,152.75,152.75,152.75,2,"Low-Spending, Occasional Customers"
13871.0,68,3,1392.0,464.0,1392.0,1,Regular / Developing Customers
13873.0,2,3,389.6,129.86666666666667,389.6,1,Regular / Developing Customers
13875.0,38,2,724.85,362.425,724.85,1,Regular / Developing Customers
13876.0,153,1,122.7,122.7,122.7,2,"Low-Spending, Occasional Customers"
13880.0,187,4,837.74,209.435,837.74,1,Regular / Developing Customers
13881.0,36,9,9414.78,1046.0866666666668,9414.78,3,"High-Value, Frequent Customers"
13882.0,90,3,435.34000000000003,145.11333333333334,435.34000000000003,1,Regular / Developing Customers
13883.0,219,3,762.37,254.12333333333333,762.37,1,Regular / Developing Customers
13884.0,31,5,787.6,157.52,787.6,1,Regular / Developing Customers
13885.0,279,1,107.65,107.65,107.65,0,Dormant / Inactive Customers
13888.0,2,2,595.67,297.835,595.67,1,Regular / Developing Customers
13889.0,123,1,416.90000000000003,416.90000000000003,416.90000000000003,2,"Low-Spending, Occasional Customers"
13890.0,120,5,913.1500000000001,182.63000000000002,913.1500000000001,1,Regular / Developing Customers
13892.0,159,2,395.73,197.865,395.73,2,"Low-Spending, Occasional Customers"
13894.0,311,1,160.85,160.85,160.85,0,Dormant / Inactive Customers
13895.0,29,2,1655.77,827.885,1655.77,1,Regular / Developing Customers
13899.0,68,1,298.5,298.5,298.5,2,"Low-Spending, Occasional Customers"
13900.0,95,1,8.5,8.5,8.5,2,"Low-Spending, Occasional Customers"
13901.0,247,1,1561.0900000000001,1561.0900000000001,1561.0900000000001,1,Regular / Developing Customers
13904.0,302,1,131.52,131.52,131.52,0,Dormant / Inactive Customers
13908.0,96,3,1461.61,487.2033333333333,1461.61,1,Regular / Developing Customers
13911.0,127,3,867.47,289.1566666666667,867.47,1,Regular / Developing Customers
13914.0,274,1,321.07,321.07,321.07,0,Dormant / Inactive Customers
13917.0,338,1,65.38,65.38,65.38,0,Dormant / Inactive Customers
13919.0,30,2,384.81,192.405,384.81,1,Regular / Developing Customers
13924.0,120,2,474.73,237.365,474.73,1,Regular / Developing Customers
13925.0,63,3,298.13,99.37666666666667,298.13,1,Regular / Developing Customers
13928.0,121,1,131.22,131.22,131.22,2,"Low-Spending, Occasional Customers"
13931.0,215,2,1237.53,618.765,1237.53,1,Regular / Developing Customers
13938.0,243,1,71.66,71.66,71.66,2,"Low-Spending, Occasional Customers"
13939.0,342,1,184.5,184.5,184.5,0,Dormant / Inactive Customers
13940.0,183,1,225.24,225.24,225.24,2,"Low-Spending, Occasional Customers"
13941.0,31,2,2123.16,1061.58,2123.16,1,Regular / Developing Customers
13947.0,214,1,90.6,90.6,90.6,2,"Low-Spending, Occasional Customers"
13949.0,151,3,1359.04,453.0133333333333,1359.04,1,Regular / Developing Customers
13950.0,159,1,179.30999999999997,179.30999999999997,179.30999999999997,2,"Low-Spending, Occasional Customers"
13952.0,188,1,1208.31,1208.31,1208.31,1,Regular / Developing Customers
13953.0,68,2,911.32,455.66,911.32,1,Regular / Developing Customers
13954.0,120,1,212.51,212.51,212.51,2,"Low-Spending, Occasional Customers"
13955.0,125,2,322.96,161.48,322.96,2,"Low-Spending, Occasional Customers"
13956.0,67,2,325.85,162.925,325.85,2,"Low-Spending, Occasional Customers"
13959.0,282,2,337.44,168.72,337.44,0,Dormant / Inactive Customers
13962.0,128,1,117.6,117.6,117.6,2,"Low-Spending, Occasional Customers"
13963.0,252,3,548.86,182.95333333333335,548.86,1,Regular / Developing Customers
13969.0,30,9,4013.25,445.9166666666667,4013.25,3,"High-Value, Frequent Customers"
13971.0,30,2,703.36,351.68,703.36,1,Regular / Developing Customers
13975.0,121,5,2309.48,461.896,2309.48,3,"High-Value, Frequent Customers"
13980.0,61,1,200.14,200.14,200.14,2,"Low-Spending, Occasional Customers"
13982.0,454,1,428.6,428.6,428.6,0,Dormant / Inactive Customers
13983.0,0,7,1279.38,182.76857142857145,1279.38,3,"High-Value, Frequent Customers"
13984.0,216,3,689.38,229.79333333333332,689.38,1,Regular / Developing Customers
13985.0,0,8,3181.1,397.6375,3181.1,3,"High-Value, Frequent Customers"
13989.0,214,1,369.40999999999997,369.40999999999997,369.40999999999997,2,"Low-Spending, Occasional Customers"
13990.0,66,1,311.3,311.3,311.3,2,"Low-Spending, Occasional Customers"
13992.0,90,1,76.8,76.8,76.8,2,"Low-Spending, Occasional Customers"
13993.0,31,2,845.3,422.65,845.3,1,Regular / Developing Customers
13994.0,181,2,885.21,442.605,885.21,1,Regular / Developing Customers
13995.0,128,1,310.45,310.45,310.45,2,"Low-Spending, Occasional Customers"
13999.0,29,5,1586.57,317.31399999999996,1586.57,3,"High-Value, Frequent Customers"
14000.0,5,1,635.66,635.66,635.66,2,"Low-Spending, Occasional Customers"
14001.0,697,1,301.24,301.24,301.24,0,Dormant / Inactive Customers
14002.0,186,1,224.79,224.79,224.79,2,"Low-Spending, Occasional Customers"
14004.0,246,2,957.0,478.5,957.0,1,Regular / Developing Customers
14005.0,127,1,187.16,187.16,187.16,2,"Low-Spending, Occasional Customers"
14006.0,6,1,357.65,357.65,357.65,2,"Low-Spending, Occasional Customers"
14012.0,160,1,328.8,328.8,328.8,2,"Low-Spending, Occasional Customers"
14013.0,98,1,118.5,118.5,118.5,2,"Low-Spending, Occasional Customers"
14016.0,337,1,976.58,976.58,976.58,0,Dormant / Inactive Customers
14019.0,304,1,416.24,416.24,416.24,0,Dormant / Inactive Customers
14020.0,1,1,331.14,331.14,331.14,2,"Low-Spending, Occasional Customers"
14021.0,5,2,433.0,216.5,433.0,1,Regular / Developing Customers
14023.0,281,2,584.07,292.035,584.07,0,Dormant / Inactive Customers
14024.0,63,2,327.7,163.85,327.7,2,"Low-Spending, Occasional Customers"
14027.0,61,1,104.82,104.82,104.82,2,"Low-Spending, Occasional Customers"
14029.0,153,1,302.46,302.46,302.46,2,"Low-Spending, Occasional Customers"
14030.0,31,7,1816.81,259.5442857142857,1816.81,3,"High-Value, Frequent Customers"
14031.0,192,8,7549.67,943.70875,7549.67,3,"High-Value, Frequent Customers"
14032.0,6,5,1202.68,240.536,1202.68,1,Regular / Developing Customers
14034.0,217,2,473.90999999999997,236.95499999999998,473.90999999999997,2,"Low-Spending, Occasional Customers"
14035.0,29,1,300.32,300.32,300.32,2,"Low-Spending, Occasional Customers"
14037.0,424,1,111.8,111.8,111.8,0,Dormant / Inactive Customers
14039.0,182,1,152.2,152.2,152.2,2,"Low-Spending, Occasional Customers"
14040.0,9,5,2096.92,419.384,2096.92,3,"High-Value, Frequent Customers"
14044.0,283,1,170.44,170.44,170.44,0,Dormant / Inactive Customers
14045.0,192,3,1251.75,417.25,1251.75,1,Regular / Developing Customers
14047.0,162,3,647.37,215.79,647.37,1,Regular / Developing Customers
14048.0,161,1,409.93,409.93,409.93,2,"Low-Spending, Occasional Customers"
14049.0,247,1,226.93,226.93,226.93,2,"Low-Spending, Occasional Customers"
14050.0,121,1,260.38,260.38,260.38,2,"Low-Spending, Occasional Customers"
14051.0,30,10,6933.570000000001,693.3570000000001,6933.570000000001,3,"High-Value, Frequent Customers"
14053.0,155,2,260.25,130.125,260.25,2,"Low-Spending, Occasional Customers"
14054.0,214,1,92.46,92.46,92.46,2,"Low-Spending, Occasional Customers"
14056.0,35,11,3955.78,359.61636363636364,3955.78,3,"High-Value, Frequent Customers"
14057.0,31,5,1160.15,232.03000000000003,1160.15,1,Regular / Developing Customers
14060.0,70,6,1970.1200000000001,328.35333333333335,1970.1200000000001,3,"High-Value, Frequent Customers"
14062.0,92,2,1965.5,982.75,1965.5,1,Regular / Developing Customers
14064.0,5,3,704.12,234.70666666666668,704.12,1,Regular / Developing Customers
14067.0,153,2,374.7,187.35,374.7,2,"Low-Spending, Occasional Customers"
14071.0,121,3,305.86,101.95333333333333,305.86,1,Regular / Developing Customers
14073.0,152,1,151.04,151.04,151.04,2,"Low-Spending, Occasional Customers"
14075.0,212,1,316.78,316.78,316.78,2,"Low-Spending, Occasional Customers"
14076.0,305,1,118.67,118.67,118.67,0,Dormant / Inactive Customers
14077.0,65,2,227.9,113.95,227.9,2,"Low-Spending, Occasional Customers"
14078.0,66,3,491.46,163.82,491.46,1,Regular / Developing Customers
14079.0,155,1,375.1,375.1,375.1,2,"Low-Spending, Occasional Customers"
14080.0,152,1,45.599999999999994,45.599999999999994,45.599999999999994,2,"Low-Spending, Occasional Customers"
14081.0,69,2,921.62,460.81,921.62,1,Regular / Developing Customers
14082.0,424,1,182.25,182.25,182.25,0,Dormant / Inactive Customers
14083.0,37,5,795.77,159.154,795.77,1,Regular / Developing Customers
14085.0,98,6,1336.21,222.70166666666668,1336.21,3,"High-Value, Frequent Customers"
14087.0,151,1,191.47,191.47,191.47,2,"Low-Spending, Occasional Customers"
14088.0,277,4,12777.66,3194.415,12777.66,3,"High-Value, Frequent Customers"
14092.0,275,4,1013.25,253.3125,1013.25,1,Regular / Developing Customers
14096.0,60,6,19798.67,3299.778333333333,19798.67,3,"High-Value, Frequent Customers"
14098.0,274,1,147.35,147.35,147.35,0,Dormant / Inactive Customers
14099.0,32,4,1206.43,301.6075,1206.43,1,Regular / Developing Customers
14102.0,242,2,450.4,225.2,450.4,2,"Low-Spending, Occasional Customers"
14104.0,125,1,104.95,104.95,104.95,2,"Low-Spending, Occasional Customers"
14107.0,245,3,1288.15,429.3833333333334,1288.15,1,Regular / Developing Customers
14108.0,90,1,306.58,306.58,306.58,2,"Low-Spending, Occasional Customers"
14110.0,1,6,2853.15,475.52500000000003,2853.15,3,"High-Value, Frequent Customers"
14111.0,6,2,142.5,71.25,142.5,2,"Low-Spending, Occasional Customers"
14112.0,98,2,1365.42,682.71,1365.42,1,Regular / Developing Customers
14113.0,181,1,471.9,471.9,471.9,2,"Low-Spending, Occasional Customers"
14114.0,37,1,191.39999999999998,191.39999999999998,191.39999999999998,2,"Low-Spending, Occasional Customers"
14116.0,63,4,1169.82,292.455,1169.82,1,Regular / Developing Customers
14121.0,30,3,2251.67,750.5566666666667,2251.67,1,Regular / Developing Customers
14125.0,29,1,1091.28,1091.28,1091.28,1,Regular / Developing Customers
14126.0,301,1,62.5,62.5,62.5,0,Dormant / Inactive Customers
14127.0,93,2,572.11,286.055,572.11,1,Regular / Developing Customers
14128.0,61,1,331.96,331.96,331.96,2,"Low-Spending, Occasional Customers"
14129.0,120,3,519.91,173.3033333333333,519.91,1,Regular / Developing Customers
14132.0,3,7,2261.71,323.1014285714286,2261.71,3,"High-Value, Frequent Customers"
14133.0,305,2,287.64,143.82,287.64,0,Dormant / Inactive Customers
14135.0,39,10,3307.25,330.725,3307.25,3,"High-Value, Frequent Customers"
14138.0,120,2,965.8800000000001,482.94000000000005,965.8800000000001,1,Regular / Developing Customers
14140.0,121,2,935.05,467.525,935.05,1,Regular / Developing Customers
14141.0,30,2,425.82000000000005,212.91000000000003,425.82000000000005,1,Regular / Developing Customers
14142.0,697,1,311.81,311.81,311.81,0,Dormant / Inactive Customers
14145.0,186,3,2851.2,950.4,2851.2,1,Regular / Developing Customers
14146.0,332,1,1225.16,1225.16,1225.16,0,Dormant / Inactive Customers
14149.0,280,1,446.62,446.62,446.62,0,Dormant / Inactive Customers
14150.0,243,1,352.46000000000004,352.46000000000004,352.46000000000004,2,"Low-Spending, Occasional Customers"
14156.0,0,24,37193.4,1549.7250000000001,37193.4,3,"High-Value, Frequent Customers"
14159.0,215,3,1218.24,406.08,1218.24,1,Regular / Developing Customers
14161.0,127,3,1097.6200000000001,365.8733333333334,1097.6200000000001,1,Regular / Developing Customers
14163.0,64,1,909.6,909.6,909.6,1,Regular / Developing Customers
14165.0,98,1,120.44,120.44,120.44,2,"Low-Spending, Occasional Customers"
14167.0,9,1,148.35,148.35,148.35,2,"Low-Spending, Occasional Customers"
14171.0,304,1,363.79,363.79,363.79,0,Dormant / Inactive Customers
14173.0,249,1,114.04,114.04,114.04,2,"Low-Spending, Occasional Customers"
14174.0,182,1,134.46,134.46,134.46,2,"Low-Spending, Occasional Customers"
14175.0,30,1,2016.31,2016.31,2016.31,1,Regular / Developing Customers
14176.0,516,1,159.55,159.55,159.55,0,Dormant / Inactive Customers
14177.0,215,2,191.33,95.665,191.33,2,"Low-Spending, Occasional Customers"
14178.0,29,5,1241.91,248.382,1241.91,1,Regular / Developing Customers
14180.0,60,11,2091.27,190.11545454545455,2091.27,3,"High-Value, Frequent Customers"
14184.0,244,1,452.89,452.89,452.89,2,"Low-Spending, Occasional Customers"
14185.0,9,1,197.65,197.65,197.65,2,"Low-Spending, Occasional Customers"
14188.0,90,4,1426.76,356.69,1426.76,1,Regular / Developing Customers
14189.0,60,6,1974.68,329.11333333333334,1974.68,3,"High-Value, Frequent Customers"
14191.0,63,5,1584.07,316.81399999999996,1584.07,3,"High-Value, Frequent Customers"
14193.0,275,1,430.85,430.85,430.85,0,Dormant / Inactive Customers
14194.0,30,4,1602.2,400.55,1602.2,1,Regular / Developing Customers
14195.0,340,1,828.4,828.4,828.4,0,Dormant / Inactive Customers
14199.0,219,1,185.39999999999998,185.39999999999998,185.39999999999998,2,"Low-Spending, Occasional Customers"
14201.0,61,3,355.12,118.37333333333333,355.12,1,Regular / Developing Customers
14204.0,151,1,150.61,150.61,150.61,2,"Low-Spending, Occasional Customers"
14208.0,184,1,151.74,151.74,151.74,2,"Low-Spending, Occasional Customers"
14209.0,39,3,1017.23,339.07666666666665,1017.23,1,Regular / Developing Customers
14210.0,253,2,668.61,334.305,668.61,1,Regular / Developing Customers
14211.0,245,1,220.04000000000002,220.04000000000002,220.04000000000002,2,"Low-Spending, Occasional Customers"
14212.0,31,1,1070.48,1070.48,1070.48,1,Regular / Developing Customers
14214.0,90,3,765.4,255.13333333333333,765.4,1,Regular / Developing Customers
14215.0,187,2,342.16,171.08,342.16,2,"Low-Spending, Occasional Customers"
14216.0,181,3,1046.3600000000001,348.7866666666667,1046.3600000000001,1,Regular / Developing Customers
14217.0,39,9,973.6899999999999,108.18777777777777,973.6899999999999,3,"High-Value, Frequent Customers"
14219.0,212,1,89.94,89.94,89.94,2,"Low-Spending, Occasional Customers"
14220.0,189,1,319.42,319.42,319.42,2,"Low-Spending, Occasional Customers"
14221.0,253,3,1102.8,367.59999999999997,1102.8,1,Regular / Developing Customers
14223.0,123,2,686.23,343.115,686.23,1,Regular / Developing Customers
14224.0,127,1,247.76999999999998,247.76999999999998,247.76999999999998,2,"Low-Spending, Occasional Customers"
14226.0,29,2,337.02000000000004,168.51000000000002,337.02000000000004,2,"Low-Spending, Occasional Customers"
14227.0,128,1,304.33000000000004,304.33000000000004,304.33000000000004,2,"Low-Spending, Occasional Customers"
14229.0,70,1,456.97,456.97,456.97,2,"Low-Spending, Occasional Customers"
14231.0,95,1,307.76,307.76,307.76,2,"Low-Spending, Occasional Customers"
14232.0,187,1,310.79,310.79,310.79,2,"Low-Spending, Occasional Customers"
14233.0,5,2,858.25,429.125,858.25,1,Regular / Developing Customers
14234.0,90,1,209.48,209.48,209.48,2,"Low-Spending, Occasional Customers"
14235.0,217,2,1538.31,769.155,1538.31,1,Regular / Developing Customers
14236.0,666,1,189.3,189.3,189.3,0,Dormant / Inactive Customers
14237.0,697,1,161.0,161.0,161.0,0,Dormant / Inactive Customers
14239.0,159,5,1161.3,232.26,1161.3,1,Regular / Developing Customers
14240.0,90,1,663.49,663.49,663.49,2,"Low-Spending, Occasional Customers"
14241.0,95,1,213.70000000000002,213.70000000000002,213.70000000000002,2,"Low-Spending, Occasional Customers"
14243.0,128,5,1184.56,236.91199999999998,1184.56,1,Regular / Developing Customers
14245.0,249,1,688.35,688.35,688.35,2,"Low-Spending, Occasional Customers"
14246.0,128,1,449.64,449.64,449.64,2,"Low-Spending, Occasional Customers"
14247.0,190,1,136.76999999999998,136.76999999999998,136.76999999999998,2,"Low-Spending, Occasional Customers"
14250.0,31,3,1904.05,634.6833333333333,1904.05,1,Regular / Developing Customers
14251.0,120,1,482.28000000000003,482.28000000000003,482.28000000000003,2,"Low-Spending, Occasional Customers"
14256.0,424,1,523.86,523.86,523.86,0,Dormant / Inactive Customers
14257.0,124,4,2479.58,619.895,2479.58,1,Regular / Developing Customers
14258.0,31,5,7609.18,1521.836,7609.18,3,"High-Value, Frequent Customers"
14262.0,60,3,1124.36,374.78666666666663,1124.36,1,Regular / Developing Customers
14264.0,125,2,333.97,166.985,333.97,2,"Low-Spending, Occasional Customers"
14270.0,9,1,492.65000000000003,492.65000000000003,492.65000000000003,2,"Low-Spending, Occasional Customers"
14273.0,36,2,218.7,109.35,218.7,2,"Low-Spending, Occasional Customers"
14276.0,4,2,778.54,389.27,778.54,1,Regular / Developing Customers
14277.0,35,1,1629.03,1629.03,1629.03,1,Regular / Developing Customers
14282.0,121,4,1178.4,294.6,1178.4,1,Regular / Developing Customers
14284.0,90,1,343.15,343.15,343.15,2,"Low-Spending, Occasional Customers"
14285.0,302,1,300.6,300.6,300.6,0,Dormant / Inactive Customers
14286.0,36,1,2050.08,2050.08,2050.08,1,Regular / Developing Customers
14287.0,332,1,93.35,93.35,93.35,0,Dormant / Inactive Customers
14288.0,66,1,426.6,426.6,426.6,2,"Low-Spending, Occasional Customers"
14289.0,6,2,225.78,112.89,225.78,2,"Low-Spending, Occasional Customers"
14290.0,275,1,728.5,728.5,728.5,0,Dormant / Inactive Customers
14291.0,32,5,2478.31,495.662,2478.31,3,"High-Value, Frequent Customers"
14292.0,1,4,1430.06,357.515,1430.06,1,Regular / Developing Customers
14293.0,161,3,815.1700000000001,271.72333333333336,815.1700000000001,1,Regular / Developing Customers
14297.0,61,2,710.1,355.05,710.1,1,Regular / Developing Customers
14298.0,90,10,16044.25,1604.425,16044.25,3,"High-Value, Frequent Customers"
14299.0,0,4,1647.72,411.93,1647.72,1,Regular / Developing Customers
14304.0,339,1,383.45,383.45,383.45,0,Dormant / Inactive Customers
14307.0,1,4,1895.36,473.84,1895.36,1,Regular / Developing Customers
14309.0,29,5,1446.41,289.28200000000004,1446.41,3,"High-Value, Frequent Customers"
14311.0,36,1,310.26,310.26,310.26,2,"Low-Spending, Occasional Customers"
14312.0,37,5,1047.19,209.43800000000002,1047.19,1,Regular / Developing Customers
14315.0,125,3,652.35,217.45000000000002,652.35,1,Regular / Developing Customers
14317.0,183,1,508.58000000000004,508.58000000000004,508.58000000000004,2,"Low-Spending, Occasional Customers"
14320.0,39,1,352.51,352.51,352.51,2,"Low-Spending, Occasional Customers"
14321.0,70,1,326.82,326.82,326.82,2,"Low-Spending, Occasional Customers"
14326.0,36,1,183.85,183.85,183.85,2,"Low-Spending, Occasional Customers"
14329.0,37,1,578.02,578.02,578.02,2,"Low-Spending, Occasional Customers"
14331.0,155,1,79.0,79.0,79.0,2,"Low-Spending, Occasional Customers"
14332.0,244,1,440.2,440.2,440.2,2,"Low-Spending, Occasional Customers"
14333.0,275,1,415.2,415.2,415.2,0,Dormant / Inactive Customers
14334.0,68,3,1017.01,339.00333333333333,1017.01,1,Regular / Developing Customers
14335.0,245,1,347.5,347.5,347.5,2,"Low-Spending, Occasional Customers"
14336.0,129,2,764.45,382.225,764.45,1,Regular / Developing Customers
14338.0,337,1,8.25,8.25,8.25,0,Dormant / Inactive Customers
14339.0,36,1,309.52,309.52,309.52,2,"Low-Spending, Occasional Customers"
14340.0,219,1,134.7,134.7,134.7,2,"Low-Spending, Occasional Customers"
14341.0,127,3,688.81,229.60333333333332,688.81,1,Regular / Developing Customers
14342.0,121,1,91.03999999999999,91.03999999999999,91.03999999999999,2,"Low-Spending, Occasional Customers"
14344.0,98,4,604.13,151.0325,604.13,1,Regular / Developing Customers
14345.0,333,1,108.97999999999999,108.97999999999999,108.97999999999999,0,Dormant / Inactive Customers
14346.0,32,1,759.14,759.14,759.14,1,Regular / Developing Customers
14350.0,68,1,282.93,282.93,282.93,2,"Low-Spending, Occasional Customers"
14352.0,37,3,464.94000000000005,154.98000000000002,464.94000000000005,1,Regular / Developing Customers
14353.0,127,1,90.6,90.6,90.6,2,"Low-Spending, Occasional Customers"
14354.0,90,2,163.62,81.81,163.62,2,"Low-Spending, Occasional Customers"
14355.0,454,1,174.4,174.4,174.4,0,Dormant / Inactive Customers
14360.0,121,4,2118.03,529.5075,2118.03,1,Regular / Developing Customers
14364.0,5,3,1763.8,587.9333333333333,1763.8,1,Regular / Developing Customers
14367.0,33,9,4785.9,531.7666666666667,4785.9,3,"High-Value, Frequent Customers"
14375.0,157,1,235.56,235.56,235.56,2,"Low-Spending, Occasional Customers"
14377.0,338,1,302.45,302.45,302.45,0,Dormant / Inactive Customers
14383.0,183,2,1005.6,502.8,1005.6,1,Regular / Developing Customers
14387.0,152,1,797.86,797.86,797.86,2,"Low-Spending, Occasional Customers"
14388.0,63,6,2281.92,380.32,2281.92,3,"High-Value, Frequent Customers"
14389.0,214,2,1043.46,521.73,1043.46,1,Regular / Developing Customers
14390.0,5,3,1097.16,365.72,1097.16,1,Regular / Developing Customers
14393.0,219,1,67.95,67.95,67.95,2,"Low-Spending, Occasional Customers"
14395.0,61,6,2135.23,355.87166666666667,2135.23,3,"High-Value, Frequent Customers"
14396.0,214,2,487.99,243.995,487.99,1,Regular / Developing Customers
14397.0,4,8,1405.1,175.6375,1405.1,3,"High-Value, Frequent Customers"
14401.0,65,5,1718.14,343.62800000000004,1718.14,3,"High-Value, Frequent Customers"
14403.0,188,3,1180.01,393.33666666666664,1180.01,1,Regular / Developing Customers
14404.0,182,2,256.03,128.015,256.03,2,"Low-Spending, Occasional Customers"
14406.0,2,1,156.75,156.75,156.75,2,"Low-Spending, Occasional Customers"
14407.0,129,1,357.18,357.18,357.18,2,"Low-Spending, Occasional Customers"
14408.0,184,3,1451.64,483.88000000000005,1451.64,1,Regular / Developing Customers
14409.0,93,3,519.6,173.20000000000002,519.6,1,Regular / Developing Customers
14410.0,123,4,354.21999999999997,88.55499999999999,354.21999999999997,1,Regular / Developing Customers
14411.0,311,1,1063.0,1063.0,1063.0,0,Dormant / Inactive Customers
14413.0,363,1,121.05,121.05,121.05,0,Dormant / Inactive Customers
14414.0,92,2,359.9,179.95,359.9,2,"Low-Spending, Occasional Customers"
14415.0,65,7,3268.22,466.8885714285714,3268.22,3,"High-Value, Frequent Customers"
14418.0,181,1,897.35,897.35,897.35,2,"Low-Spending, Occasional Customers"
14419.0,61,4,607.24,151.81,607.24,1,Regular / Developing Customers
14420.0,335,1,387.52,387.52,387.52,0,Dormant / Inactive Customers
14421.0,5,1,455.18,455.18,455.18,2,"Low-Spending, Occasional Customers"
14422.0,89,1,382.01,382.01,382.01,2,"Low-Spending, Occasional Customers"
14423.0,219,1,265.2,265.2,265.2,2,"Low-Spending, Occasional Customers"
14426.0,129,3,1719.33,573.11,1719.33,1,Regular / Developing Customers
14427.0,153,1,321.74,321.74,321.74,2,"Low-Spending, Occasional Customers"
14428.0,274,2,689.94,344.97,689.94,1,Regular / Developing Customers
14431.0,69,1,470.36,470.36,470.36,2,"Low-Spending, Occasional Customers"
14432.0,31,3,665.7,221.9,665.7,1,Regular / Developing Customers
14434.0,61,3,552.0,184.0,552.0,1,Regular / Developing Customers
14436.0,304,1,89.06,89.06,89.06,0,Dormant / Inactive Customers
14437.0,454,1,63.0,63.0,63.0,0,Dormant / Inactive Customers
14438.0,191,1,131.9,131.9,131.9,2,"Low-Spending, Occasional Customers"
14440.0,332,2,1273.95,636.975,1273.95,0,Dormant / Inactive Customers
14441.0,89,2,646.26,323.13,646.26,1,Regular / Developing Customers
14443.0,311,2,608.4,304.2,608.4,0,Dormant / Inactive Customers
14446.0,29,3,638.83,212.94333333333336,638.83,1,Regular / Developing Customers
14447.0,251,1,265.0,265.0,265.0,2,"Low-Spending, Occasional Customers"
14448.0,424,1,102.35000000000001,102.35000000000001,102.35000000000001,0,Dormant / Inactive Customers
14449.0,159,3,698.47,232.82333333333335,698.47,1,Regular / Developing Customers
14450.0,4,2,322.22,161.11,322.22,2,"Low-Spending, Occasional Customers"
14451.0,61,1,283.9,283.9,283.9,2,"Low-Spending, Occasional Customers"
14452.0,154,1,127.37,127.37,127.37,2,"Low-Spending, Occasional Customers"
14453.0,307,1,119.93,119.93,119.93,0,Dormant / Inactive Customers
14456.0,31,3,1426.9,475.6333333333334,1426.9,1,Regular / Developing Customers
14457.0,311,1,113.64,113.64,113.64,0,Dormant / Inactive Customers
14459.0,156,1,1837.92,1837.92,1837.92,1,Regular / Developing Customers
14460.0,311,1,30.0,30.0,30.0,0,Dormant / Inactive Customers
14462.0,32,7,1432.22,204.60285714285715,1432.22,3,"High-Value, Frequent Customers"
14463.0,304,1,220.2,220.2,220.2,0,Dormant / Inactive Customers
14465.0,69,3,1038.44,346.1466666666667,1038.44,1,Regular / Developing Customers
14466.0,60,5,1832.45,366.49,1832.45,3,"High-Value, Frequent Customers"
14472.0,64,3,616.79,205.59666666666666,616.79,1,Regular / Developing Customers
14473.0,310,1,85.0,85.0,85.0,0,Dormant / Inactive Customers
14475.0,130,2,622.17,311.085,622.17,1,Regular / Developing Customers
14477.0,126,1,358.0,358.0,358.0,2,"Low-Spending, Occasional Customers"
14479.0,454,1,174.4,174.4,174.4,0,Dormant / Inactive Customers
14482.0,90,3,781.9300000000001,260.6433333333334,781.9300000000001,1,Regular / Developing Customers
14483.0,282,1,137.1,137.1,137.1,0,Dormant / Inactive Customers
14485.0,333,1,162.8,162.8,162.8,0,Dormant / Inactive Customers
14487.0,31,2,524.47,262.235,524.47,1,Regular / Developing Customers
14488.0,275,1,1064.28,1064.28,1064.28,0,Dormant / Inactive Customers
14491.0,666,1,127.2,127.2,127.2,0,Dormant / Inactive Customers
14493.0,90,3,1602.54,534.18,1602.54,1,Regular / Developing Customers
14495.0,63,1,40.599999999999994,40.599999999999994,40.599999999999994,2,"Low-Spending, Occasional Customers"
14496.0,342,2,538.8100000000001,269.40500000000003,538.8100000000001,0,Dormant / Inactive Customers
14497.0,283,1,475.37,475.37,475.37,0,Dormant / Inactive Customers
14498.0,187,1,147.02,147.02,147.02,2,"Low-Spending, Occasional Customers"
14499.0,190,1,122.87,122.87,122.87,2,"Low-Spending, Occasional Customers"
14500.0,1,2,305.85,152.925,305.85,2,"Low-Spending, Occasional Customers"
14501.0,95,1,184.28,184.28,184.28,2,"Low-Spending, Occasional Customers"
14502.0,182,3,932.48,310.82666666666665,932.48,1,Regular / Developing Customers
14503.0,181,2,770.87,385.435,770.87,1,Regular / Developing Customers
14504.0,67,2,408.15,204.075,408.15,1,Regular / Developing Customers
14505.0,66,4,2951.57,737.8925,2951.57,3,"High-Value, Frequent Customers"
14506.0,244,3,1219.88,406.6266666666667,1219.88,1,Regular / Developing Customers
14507.0,127,3,615.31,205.10333333333332,615.31,1,Regular / Developing Customers
14508.0,31,1,137.56,137.56,137.56,2,"Low-Spending, Occasional Customers"
14511.0,123,3,875.33,291.7766666666667,875.33,1,Regular / Developing Customers
14512.0,218,1,148.95999999999998,148.95999999999998,148.95999999999998,2,"Low-Spending, Occasional Customers"
14514.0,9,2,842.34,421.17,842.34,1,Regular / Developing Customers
14515.0,219,3,1323.87,441.28999999999996,1323.87,1,Regular / Developing Customers
14517.0,182,1,78.0,78.0,78.0,2,"Low-Spending, Occasional Customers"
14518.0,183,1,174.37,174.37,174.37,2,"Low-Spending, Occasional Customers"
14520.0,120,1,105.60000000000001,105.60000000000001,105.60000000000001,2,"Low-Spending, Occasional Customers"
14522.0,123,1,482.07,482.07,482.07,2,"Low-Spending, Occasional Customers"
14524.0,121,2,306.5,153.25,306.5,2,"Low-Spending, Occasional Customers"
14525.0,32,2,1405.78,702.89,1405.78,1,Regular / Developing Customers
14527.0,1,19,3456.48,181.92,3456.48,3,"High-Value, Frequent Customers"
14528.0,302,1,364.21999999999997,364.21999999999997,364.21999999999997,0,Dormant / Inactive Customers
14529.0,61,1,240.47,240.47,240.47,2,"Low-Spending, Occasional Customers"
14530.0,154,3,1399.21,466.40333333333336,1399.21,1,Regular / Developing Customers
14533.0,31,4,1062.08,265.52,1062.08,1,Regular / Developing Customers
14534.0,2,10,2402.92,240.292,2402.92,3,"High-Value, Frequent Customers"
14535.0,61,3,2854.84,951.6133333333333,2854.84,1,Regular / Developing Customers
14538.0,183,1,281.75,281.75,281.75,2,"Low-Spending, Occasional Customers"
14540.0,283,1,195.9,195.9,195.9,0,Dormant / Inactive Customers
14541.0,0,3,319.1,106.36666666666667,319.1,1,Regular / Developing Customers
14542.0,157,1,103.25,103.25,103.25,2,"Low-Spending, Occasional Customers"
14543.0,29,8,1603.08,200.385,1603.08,3,"High-Value, Frequent Customers"
14546.0,220,2,1057.12,528.56,1057.12,1,Regular / Developing Customers
14547.0,181,3,953.4000000000001,317.8,953.4000000000001,1,Regular / Developing Customers
14548.0,3,1,326.4,326.4,326.4,2,"Low-Spending, Occasional Customers"
14549.0,342,1,289.24,289.24,289.24,0,Dormant / Inactive Customers
14552.0,33,1,164.22,164.22,164.22,2,"Low-Spending, Occasional Customers"
14553.0,182,4,717.79,179.4475,717.79,1,Regular / Developing Customers
14555.0,69,1,186.34,186.34,186.34,2,"Low-Spending, Occasional Customers"
14560.0,60,10,1027.95,102.795,1027.95,3,"High-Value, Frequent Customers"
14561.0,126,1,222.07,222.07,222.07,2,"Low-Spending, Occasional Customers"
14562.0,60,8,1931.81,241.47625,1931.81,3,"High-Value, Frequent Customers"
14565.0,215,1,538.8000000000001,538.8000000000001,538.8000000000001,2,"Low-Spending, Occasional Customers"
14567.0,336,1,800.76,800.76,800.76,0,Dormant / Inactive Customers
14569.0,120,1,227.39,227.39,227.39,2,"Low-Spending, Occasional Customers"
14570.0,251,2,218.06,109.03,218.06,2,"Low-Spending, Occasional Customers"
14572.0,181,1,135.05,135.05,135.05,2,"Low-Spending, Occasional Customers"
14573.0,35,4,1003.42,250.855,1003.42,1,Regular / Developing Customers
14576.0,666,1,35.400000000000006,35.400000000000006,35.400000000000006,0,Dormant / Inactive Customers
14577.0,363,1,346.90000000000003,346.90000000000003,346.90000000000003,0,Dormant / Inactive Customers
14578.0,181,1,168.63,168.63,168.63,2,"Low-Spending, Occasional Customers"
14583.0,157,2,384.87,192.435,384.87,2,"Low-Spending, Occasional Customers"
14584.0,95,1,344.81,344.81,344.81,2,"Low-Spending, Occasional Customers"
14586.0,129,1,237.36,237.36,237.36,2,"Low-Spending, Occasional Customers"
14587.0,9,7,1279.42,182.77428571428572,1279.42,3,"High-Value, Frequent Customers"
14589.0,638,1,39.75,39.75,39.75,0,Dormant / Inactive Customers
14591.0,66,1,204.02,204.02,204.02,2,"Low-Spending, Occasional Customers"
14592.0,183,2,424.0,212.0,424.0,2,"Low-Spending, Occasional Customers"
14594.0,301,2,363.33,181.665,363.33,0,Dormant / Inactive Customers
14595.0,91,1,141.75,141.75,141.75,2,"Low-Spending, Occasional Customers"
14597.0,338,1,165.1,165.1,165.1,0,Dormant / Inactive Customers
14600.0,161,1,393.33000000000004,393.33000000000004,393.33000000000004,2,"Low-Spending, Occasional Customers"
14603.0,68,1,660.0,660.0,660.0,2,"Low-Spending, Occasional Customers"
14606.0,5,38,5022.05,132.1592105263158,5022.05,3,"High-Value, Frequent Customers"
14607.0,274,1,1000.0,1000.0,1000.0,0,Dormant / Inactive Customers
14608.0,60,3,1198.2,399.40000000000003,1198.2,1,Regular / Developing Customers
14616.0,36,1,158.4,158.4,158.4,2,"Low-Spending, Occasional Customers"
14618.0,192,1,211.8,211.8,211.8,2,"Low-Spending, Occasional Customers"
14619.0,128,1,394.44,394.44,394.44,2,"Low-Spending, Occasional Customers"
14620.0,341,1,235.35,235.35,235.35,0,Dormant / Inactive Customers
14621.0,90,4,1482.66,370.665,1482.66,1,Regular / Developing Customers
14622.0,126,1,320.58000000000004,320.58000000000004,320.58000000000004,2,"Low-Spending, Occasional Customers"
14623.0,152,2,367.52,183.76,367.52,2,"Low-Spending, Occasional Customers"
14624.0,30,1,210.25,210.25,210.25,2,"Low-Spending, Occasional Customers"
14626.0,93,2,1595.3,797.65,1595.3,1,Regular / Developing Customers
14628.0,36,2,671.96,335.98,671.96,1,Regular / Developing Customers
14629.0,212,1,352.08,352.08,352.08,2,"Low-Spending, Occasional Customers"
14636.0,274,1,309.66,309.66,309.66,0,Dormant / Inactive Customers
14639.0,32,2,754.1,377.05,754.1,1,Regular / Developing Customers
14640.0,30,2,802.3100000000001,401.15500000000003,802.3100000000001,1,Regular / Developing Customers
14642.0,0,1,96.12,96.12,96.12,2,"Low-Spending, Occasional Customers"
14644.0,275,1,643.26,643.26,643.26,0,Dormant / Inactive Customers
14645.0,98,2,597.09,298.545,597.09,1,Regular / Developing Customers
14646.0,2,28,87617.39,3129.1925,87617.39,3,"High-Value, Frequent Customers"
14649.0,35,3,1089.53,363.1766666666667,1089.53,1,Regular / Developing Customers
14651.0,5,2,653.75,326.875,653.75,1,Regular / Developing Customers
14653.0,120,4,1229.72,307.43,1229.72,1,Regular / Developing Customers
14655.0,332,2,1173.47,586.735,1173.47,0,Dormant / Inactive Customers
14656.0,341,1,133.11,133.11,133.11,0,Dormant / Inactive Customers
14657.0,156,2,222.86,111.43,222.86,2,"Low-Spending, Occasional Customers"
14658.0,242,1,124.01,124.01,124.01,2,"Low-Spending, Occasional Customers"
14659.0,188,4,840.8199999999999,210.20499999999998,840.8199999999999,1,Regular / Developing Customers
14662.0,29,2,489.12,244.56,489.12,1,Regular / Developing Customers
14664.0,182,1,387.39,387.39,387.39,2,"Low-Spending, Occasional Customers"
14665.0,31,3,1498.44,499.48,1498.44,1,Regular / Developing Customers
14667.0,68,13,4797.29,369.02230769230766,4797.29,3,"High-Value, Frequent Customers"
14669.0,6,3,1259.24,419.74666666666667,1259.24,1,Regular / Developing Customers
14670.0,251,2,392.86,196.43,392.86,2,"Low-Spending, Occasional Customers"
14672.0,162,1,285.28000000000003,285.28000000000003,285.28000000000003,2,"Low-Spending, Occasional Customers"
14673.0,181,3,1044.94,348.31333333333333,1044.94,1,Regular / Developing Customers
14676.0,121,2,933.6,466.8,933.6,1,Regular / Developing Customers
14680.0,63,7,13441.85,1920.2642857142857,13441.85,3,"High-Value, Frequent Customers"
14681.0,5,1,393.95,393.95,393.95,2,"Low-Spending, Occasional Customers"
14682.0,218,1,31.200000000000003,31.200000000000003,31.200000000000003,2,"Low-Spending, Occasional Customers"
14684.0,127,2,493.44,246.72,493.44,1,Regular / Developing Customers
14688.0,3,10,3197.45,319.745,3197.45,3,"High-Value, Frequent Customers"
14690.0,33,1,212.56,212.56,212.56,2,"Low-Spending, Occasional Customers"
14691.0,35,3,1619.94,539.98,1619.94,1,Regular / Developing Customers
14696.0,2,5,1465.45,293.09000000000003,1465.45,3,"High-Value, Frequent Customers"
14697.0,219,2,188.60999999999999,94.30499999999999,188.60999999999999,2,"Low-Spending, Occasional Customers"
14698.0,120,1,152.18,152.18,152.18,2,"Low-Spending, Occasional Customers"
14699.0,96,1,109.13000000000001,109.13000000000001,109.13000000000001,2,"Low-Spending, Occasional Customers"
14700.0,152,2,1473.55,736.775,1473.55,1,Regular / Developing Customers
14701.0,189,2,527.64,263.82,527.64,1,Regular / Developing Customers
14702.0,100,9,1654.06,183.78444444444443,1654.06,3,"High-Value, Frequent Customers"
14704.0,4,1,100.75,100.75,100.75,2,"Low-Spending, Occasional Customers"
14708.0,125,3,1126.37,375.45666666666665,1126.37,1,Regular / Developing Customers
14709.0,90,7,2611.89,373.1271428571428,2611.89,3,"High-Value, Frequent Customers"
14710.0,30,1,172.91,172.91,172.91,2,"Low-Spending, Occasional Customers"
14711.0,92,4,956.37,239.0925,956.37,1,Regular / Developing Customers
14712.0,60,1,495.6,495.6,495.6,2,"Low-Spending, Occasional Customers"
14713.0,60,7,1904.74,272.10571428571427,1904.74,3,"High-Value, Frequent Customers"
14715.0,9,2,485.25,242.625,485.25,1,Regular / Developing Customers
14719.0,61,3,929.76,309.92,929.76,1,Regular / Developing Customers
14720.0,31,3,663.81,221.26999999999998,663.81,1,Regular / Developing Customers
14723.0,274,3,413.19,137.73,413.19,1,Regular / Developing Customers
14727.0,68,1,268.58,268.58,268.58,2,"Low-Spending, Occasional Customers"
14729.0,697,1,313.49,313.49,313.49,0,Dormant / Inactive Customers
14730.0,120,4,1276.31,319.0775,1276.31,1,Regular / Developing Customers
14731.0,35,1,127.66,127.66,127.66,2,"Low-Spending, Occasional Customers"
14732.0,1,7,2367.39,338.1985714285714,2367.39,3,"High-Value, Frequent Customers"
14733.0,39,3,3901.83,1300.61,3901.83,1,Regular / Developing Customers
14735.0,181,3,767.29,255.76333333333332,767.29,1,Regular / Developing Customers
14737.0,181,2,730.55,365.275,730.55,1,Regular / Developing Customers
14738.0,5,3,630.33,210.11,630.33,1,Regular / Developing Customers
14739.0,184,6,3392.32,565.3866666666667,3392.32,3,"High-Value, Frequent Customers"
14740.0,341,1,521.1,521.1,521.1,0,Dormant / Inactive Customers
14741.0,666,1,184.5,184.5,184.5,0,Dormant / Inactive Customers
14744.0,30,2,308.75,154.375,308.75,2,"Low-Spending, Occasional Customers"
14745.0,126,1,341.07,341.07,341.07,2,"Low-Spending, Occasional Customers"
14747.0,250,1,328.2,328.2,328.2,2,"Low-Spending, Occasional Customers"
14748.0,35,5,1415.75,283.15,1415.75,3,"High-Value, Frequent Customers"
14755.0,100,1,488.46000000000004,488.46000000000004,488.46000000000004,2,"Low-Spending, Occasional Customers"
14759.0,212,1,755.12,755.12,755.12,2,"Low-Spending, Occasional Customers"
14761.0,0,2,255.9,127.95,255.9,2,"Low-Spending, Occasional Customers"
14765.0,60,1,158.61,158.61,158.61,2,"Low-Spending, Occasional Customers"
14766.0,66,3,960.07,320.02333333333337,960.07,1,Regular / Developing Customers
14768.0,246,1,133.20000000000002,133.20000000000002,133.20000000000002,2,"Low-Spending, Occasional Customers"
14769.0,151,1,341.96999999999997,341.96999999999997,341.96999999999997,2,"Low-Spending, Occasional Customers"
14775.0,0,2,717.0,358.5,717.0,1,Regular / Developing Customers
14776.0,219,1,214.56,214.56,214.56,2,"Low-Spending, Occasional Customers"
14778.0,246,2,730.86,365.43,730.86,1,Regular / Developing Customers
14779.0,251,1,38.0,38.0,38.0,2,"Low-Spending, Occasional Customers"
14788.0,301,1,310.99,310.99,310.99,0,Dormant / Inactive Customers
14789.0,29,1,197.64,197.64,197.64,2,"Low-Spending, Occasional Customers"
14790.0,2,2,428.62,214.31,428.62,1,Regular / Developing Customers
14792.0,153,1,6.2,6.2,6.2,2,"Low-Spending, Occasional Customers"
14794.0,90,3,531.11,177.03666666666666,531.11,1,Regular / Developing Customers
14796.0,33,7,3497.9700000000003,499.71000000000004,3497.9700000000003,3,"High-Value, Frequent Customers"
14798.0,311,1,75.68,75.68,75.68,0,Dormant / Inactive Customers
14800.0,30,7,2757.24,393.89142857142855,2757.24,3,"High-Value, Frequent Customers"
14801.0,91,1,189.34,189.34,189.34,2,"Low-Spending, Occasional Customers"
14803.0,98,1,188.64,188.64,188.64,2,"Low-Spending, Occasional Customers"
14804.0,332,1,353.27,353.27,353.27,0,Dormant / Inactive Customers
14808.0,64,2,443.06,221.53,443.06,1,Regular / Developing Customers
14810.0,100,3,461.09,153.69666666666666,461.09,1,Regular / Developing Customers
14813.0,577,2,152.88,76.44,152.88,0,Dormant / Inactive Customers
14815.0,274,2,778.5,389.25,778.5,1,Regular / Developing Customers
14817.0,160,1,580.79,580.79,580.79,2,"Low-Spending, Occasional Customers"
14819.0,183,1,187.35,187.35,187.35,2,"Low-Spending, Occasional Customers"
14820.0,182,1,139.1,139.1,139.1,2,"Low-Spending, Occasional Customers"
14821.0,485,1,48.800000000000004,48.800000000000004,48.800000000000004,0,Dormant / Inactive Customers
14823.0,4,1,110.78,110.78,110.78,2,"Low-Spending, Occasional Customers"
14824.0,92,2,497.41,248.705,497.41,1,Regular / Developing Customers
14825.0,31,6,976.08,162.68,976.08,3,"High-Value, Frequent Customers"
14828.0,162,1,582.0,582.0,582.0,2,"Low-Spending, Occasional Customers"
14829.0,60,3,549.1899999999999,183.0633333333333,549.1899999999999,1,Regular / Developing Customers
14834.0,0,2,529.55,264.775,529.55,1,Regular / Developing Customers
14836.0,29,2,79.05,39.525,79.05,2,"Low-Spending, Occasional Customers"
14837.0,31,1,303.94,303.94,303.94,2,"Low-Spending, Occasional Customers"
14841.0,30,2,1169.69,584.845,1169.69,1,Regular / Developing Customers
14842.0,215,3,1901.52,633.84,1901.52,1,Regular / Developing Customers
14844.0,6,3,2521.01,840.3366666666667,2521.01,1,Regular / Developing Customers
14849.0,2,15,4256.8,283.7866666666667,4256.8,3,"High-Value, Frequent Customers"
14850.0,342,1,325.75,325.75,325.75,0,Dormant / Inactive Customers
14852.0,0,3,1692.88,564.2933333333334,1692.88,1,Regular / Developing Customers
14853.0,5,1,214.5,214.5,214.5,2,"Low-Spending, Occasional Customers"
14854.0,68,2,655.36,327.68,655.36,1,Regular / Developing Customers
14855.0,2,1,339.3,339.3,339.3,2,"Low-Spending, Occasional Customers"
14856.0,274,2,308.11,154.055,308.11,0,Dormant / Inactive Customers
14857.0,30,1,650.6,650.6,650.6,2,"Low-Spending, Occasional Customers"
14863.0,60,1,266.76,266.76,266.76,2,"Low-Spending, Occasional Customers"
14865.0,301,2,52.2,26.1,52.2,0,Dormant / Inactive Customers
14866.0,30,4,6181.32,1545.33,6181.32,3,"High-Value, Frequent Customers"
14867.0,157,3,710.28,236.76,710.28,1,Regular / Developing Customers
14868.0,32,5,1806.42,361.284,1806.42,3,"High-Value, Frequent Customers"
14869.0,332,1,334.39,334.39,334.39,0,Dormant / Inactive Customers
14871.0,181,1,165.98000000000002,165.98000000000002,165.98000000000002,2,"Low-Spending, Occasional Customers"
14878.0,4,2,254.01,127.005,254.01,2,"Low-Spending, Occasional Customers"
14880.0,157,1,218.47,218.47,218.47,2,"Low-Spending, Occasional Customers"
14882.0,182,1,247.9,247.9,247.9,2,"Low-Spending, Occasional Customers"
14883.0,5,1,310.56,310.56,310.56,2,"Low-Spending, Occasional Customers"
14886.0,340,1,364.8,364.8,364.8,0,Dormant / Inactive Customers
14889.0,162,1,135.9,135.9,135.9,2,"Low-Spending, Occasional Customers"
14891.0,218,1,449.38,449.38,449.38,2,"Low-Spending, Occasional Customers"
14895.0,60,10,4899.95,489.995,4899.95,3,"High-Value, Frequent Customers"
14896.0,454,1,257.22,257.22,257.22,0,Dormant / Inactive Customers
14897.0,1,2,789.96,394.98,789.96,1,Regular / Developing Customers
14898.0,69,2,266.85,133.425,266.85,2,"Low-Spending, Occasional Customers"
14901.0,1,5,784.01,156.802,784.01,1,Regular / Developing Customers
14903.0,155,3,1712.15,570.7166666666667,1712.15,1,Regular / Developing Customers
14904.0,151,1,628.48,628.48,628.48,2,"Low-Spending, Occasional Customers"
14905.0,217,1,307.6,307.6,307.6,2,"Low-Spending, Occasional Customers"
14907.0,29,4,2187.35,546.8375,2187.35,1,Regular / Developing Customers
14910.0,121,2,212.44,106.22,212.44,2,"Low-Spending, Occasional Customers"
14911.0,0,75,59112.81,788.1708,59112.81,3,"High-Value, Frequent Customers"
14912.0,159,1,482.78999999999996,482.78999999999996,482.78999999999996,2,"Low-Spending, Occasional Customers"
14913.0,37,3,926.56,308.8533333333333,926.56,1,Regular / Developing Customers
14915.0,92,2,307.48,153.74,307.48,2,"Low-Spending, Occasional Customers"
14916.0,154,1,266.48,266.48,266.48,2,"Low-Spending, Occasional Customers"
14918.0,125,1,765.4200000000001,765.4200000000001,765.4200000000001,2,"Low-Spending, Occasional Customers"
14920.0,35,2,977.77,488.885,977.77,1,Regular / Developing Customers
14921.0,90,1,413.06,413.06,413.06,2,"Low-Spending, Occasional Customers"
14924.0,128,1,310.05,310.05,310.05,2,"Low-Spending, Occasional Customers"
14929.0,152,1,223.88,223.88,223.88,2,"Low-Spending, Occasional Customers"
14930.0,68,1,1104.13,1104.13,1104.13,1,Regular / Developing Customers
14931.0,212,1,198.4,198.4,198.4,2,"Low-Spending, Occasional Customers"
14932.0,454,1,363.53,363.53,363.53,0,Dormant / Inactive Customers
14934.0,310,1,828.84,828.84,828.84,0,Dormant / Inactive Customers
14936.0,98,6,4640.5,773.4166666666666,4640.5,3,"High-Value, Frequent Customers"
14937.0,336,1,759.56,759.56,759.56,0,Dormant / Inactive Customers
14944.0,60,7,2711.94,387.42,2711.94,3,"High-Value, Frequent Customers"
14947.0,336,1,178.5,178.5,178.5,0,Dormant / Inactive Customers
14948.0,249,2,360.76,180.38,360.76,2,"Low-Spending, Occasional Customers"
14952.0,1,5,3717.92,743.5840000000001,3717.92,3,"High-Value, Frequent Customers"
14958.0,128,2,376.33,188.165,376.33,2,"Low-Spending, Occasional Customers"
14959.0,127,2,401.82,200.91,401.82,2,"Low-Spending, Occasional Customers"
14960.0,332,1,132.97,132.97,132.97,0,Dormant / Inactive Customers
14961.0,92,3,2087.12,695.7066666666666,2087.12,1,Regular / Developing Customers
14963.0,95,2,590.78,295.39,590.78,1,Regular / Developing Customers
14964.0,189,1,206.21,206.21,206.21,2,"Low-Spending, Occasional Customers"
14965.0,245,2,596.09,298.045,596.09,1,Regular / Developing Customers
14968.0,90,1,147.59,147.59,147.59,2,"Low-Spending, Occasional Customers"
14970.0,303,2,917.06,458.53,917.06,0,Dormant / Inactive Customers
14971.0,243,2,491.37,245.685,491.37,2,"Low-Spending, Occasional Customers"
14972.0,277,1,114.77,114.77,114.77,0,Dormant / Inactive Customers
14974.0,302,1,89.94,89.94,89.94,0,Dormant / Inactive Customers
14976.0,68,1,115.57000000000001,115.57000000000001,115.57000000000001,2,"Low-Spending, Occasional Customers"
14981.0,159,1,102.12,102.12,102.12,2,"Low-Spending, Occasional Customers"
14984.0,4,1,102.23,102.23,102.23,2,"Low-Spending, Occasional Customers"
14987.0,454,1,163.2,163.2,163.2,0,Dormant / Inactive Customers
14988.0,5,1,334.54,334.54,334.54,2,"Low-Spending, Occasional Customers"
14995.0,251,2,231.98000000000002,115.99000000000001,231.98000000000002,2,"Low-Spending, Occasional Customers"
14997.0,1,1,278.4,278.4,278.4,2,"Low-Spending, Occasional Customers"
14998.0,6,1,183.64,183.64,183.64,2,"Low-Spending, Occasional Customers"
15002.0,223,2,893.15,446.575,893.15,1,Regular / Developing Customers
15005.0,100,11,2411.22,219.20181818181817,2411.22,3,"High-Value, Frequent Customers"
15007.0,278,1,156.91,156.91,156.91,0,Dormant / Inactive Customers
15010.0,243,1,308.94,308.94,308.94,2,"Low-Spending, Occasional Customers"
15012.0,697,1,188.56,188.56,188.56,0,Dormant / Inactive Customers
15017.0,182,1,125.58,125.58,125.58,2,"Low-Spending, Occasional Customers"
15018.0,333,3,496.21000000000004,165.40333333333334,496.21000000000004,0,Dormant / Inactive Customers
15021.0,186,4,920.41,230.1025,920.41,1,Regular / Developing Customers
15023.0,129,5,3318.25,663.65,3318.25,3,"High-Value, Frequent Customers"
15024.0,29,6,1072.12,178.68666666666664,1072.12,3,"High-Value, Frequent Customers"
15025.0,182,1,361.96,361.96,361.96,2,"Low-Spending, Occasional Customers"
15026.0,160,1,108.97999999999999,108.97999999999999,108.97999999999999,2,"Low-Spending, Occasional Customers"
15027.0,90,2,411.9,205.95,411.9,1,Regular / Developing Customers
15028.0,332,2,300.67,150.335,300.67,0,Dormant / Inactive Customers
15031.0,90,3,542.23,180.74333333333334,542.23,1,Regular / Developing Customers
15032.0,485,2,2770.6,1385.3,2770.6,0,Dormant / Inactive Customers
15033.0,124,3,374.49,124.83,374.49,1,Regular / Developing Customers
15034.0,29,3,1643.96,547.9866666666667,1643.96,1,Regular / Developing Customers
15035.0,31,1,252.73000000000002,252.73000000000002,252.73000000000002,2,"Low-Spending, Occasional Customers"
15038.0,0,6,685.74,114.29,685.74,1,Regular / Developing Customers
15039.0,70,20,8469.61,423.4805,8469.61,3,"High-Value, Frequent Customers"
15043.0,121,1,537.0,537.0,537.0,2,"Low-Spending, Occasional Customers"
15044.0,6,6,2570.19,428.365,2570.19,3,"High-Value, Frequent Customers"
15045.0,33,1,346.76,346.76,346.76,2,"Low-Spending, Occasional Customers"
15046.0,69,7,2561.25,365.89285714285717,2561.25,3,"High-Value, Frequent Customers"
15048.0,214,3,313.77,104.58999999999999,313.77,1,Regular / Developing Customers
15049.0,37,1,121.17000000000002,121.17000000000002,121.17000000000002,2,"Low-Spending, Occasional Customers"
15051.0,3,1,377.74,377.74,377.74,2,"Low-Spending, Occasional Customers"
15053.0,186,3,693.95,231.3166666666667,693.95,1,Regular / Developing Customers
15057.0,98,1,358.5,358.5,358.5,2,"Low-Spending, Occasional Customers"
15058.0,67,4,764.19,191.0475,764.19,1,Regular / Developing Customers
15059.0,100,2,381.89,190.945,381.89,2,"Low-Spending, Occasional Customers"
15060.0,332,1,16.61,16.61,16.61,0,Dormant / Inactive Customers
15061.0,5,28,31902.3,1139.367857142857,31902.3,3,"High-Value, Frequent Customers"
15062.0,188,1,353.06,353.06,353.06,2,"Low-Spending, Occasional Customers"
15063.0,66,1,370.79999999999995,370.79999999999995,370.79999999999995,2,"Low-Spending, Occasional Customers"
15065.0,302,1,299.38,299.38,299.38,0,Dormant / Inactive Customers
15067.0,310,1,848.05,848.05,848.05,0,Dormant / Inactive Customers
15070.0,666,1,106.2,106.2,106.2,0,Dormant / Inactive Customers
15071.0,98,2,982.07,491.035,982.07,1,Regular / Developing Customers
15073.0,157,2,861.96,430.98,861.96,1,Regular / Developing Customers
15078.0,93,11,3272.2200000000003,297.4745454545455,3272.2200000000003,3,"High-Value, Frequent Customers"
15079.0,35,3,528.32,176.10666666666668,528.32,1,Regular / Developing Customers
15081.0,214,2,191.45,95.725,191.45,2,"Low-Spending, Occasional Customers"
15087.0,282,1,306.94,306.94,306.94,0,Dormant / Inactive Customers
15088.0,275,1,864.19,864.19,864.19,0,Dormant / Inactive Customers
15089.0,184,2,1580.61,790.305,1580.61,1,Regular / Developing Customers
15090.0,252,1,381.32,381.32,381.32,2,"Low-Spending, Occasional Customers"
15091.0,275,1,480.71,480.71,480.71,0,Dormant / Inactive Customers
15092.0,127,2,457.81,228.905,457.81,1,Regular / Developing Customers
15093.0,223,2,1844.13,922.065,1844.13,1,Regular / Developing Customers
15097.0,212,1,248.08,248.08,248.08,2,"Low-Spending, Occasional Customers"
15098.0,65,3,39916.5,13305.5,39916.5,3,"High-Value, Frequent Customers"
15100.0,70,3,876.0,292.0,876.0,1,Regular / Developing Customers
15101.0,332,1,215.25,215.25,215.25,0,Dormant / Inactive Customers
15103.0,121,1,411.68,411.68,411.68,2,"Low-Spending, Occasional Customers"
15104.0,310,1,374.64,374.64,374.64,0,Dormant / Inactive Customers
15105.0,275,1,541.03,541.03,541.03,0,Dormant / Inactive Customers
15106.0,5,2,637.38,318.69,637.38,1,Regular / Developing Customers
15107.0,39,4,243.5,60.875,243.5,1,Regular / Developing Customers
15108.0,187,2,432.05,216.025,432.05,2,"Low-Spending, Occasional Customers"
15109.0,128,1,484.95,484.95,484.95,2,"Low-Spending, Occasional Customers"
15110.0,216,1,206.9,206.9,206.9,2,"Low-Spending, Occasional Customers"
15111.0,60,3,1567.48,522.4933333333333,1567.48,1,Regular / Developing Customers
15114.0,38,6,1860.49,310.08166666666665,1860.49,3,"High-Value, Frequent Customers"
15117.0,32,2,675.73,337.865,675.73,1,Regular / Developing Customers
15119.0,128,1,266.4,266.4,266.4,2,"Low-Spending, Occasional Customers"
15123.0,301,1,1129.84,1129.84,1129.84,0,Dormant / Inactive Customers
15124.0,338,1,90.75,90.75,90.75,0,Dormant / Inactive Customers
15125.0,61,2,375.0,187.5,375.0,1,Regular / Developing Customers
15127.0,214,1,406.53,406.53,406.53,2,"Low-Spending, Occasional Customers"
15128.0,61,3,1096.6,365.5333333333333,1096.6,1,Regular / Developing Customers
15129.0,216,2,509.7,254.85,509.7,1,Regular / Developing Customers
15133.0,38,2,657.72,328.86,657.72,1,Regular / Developing Customers
15134.0,66,3,505.27000000000004,168.42333333333335,505.27000000000004,1,Regular / Developing Customers
15136.0,151,3,839.8,279.93333333333334,839.8,1,Regular / Developing Customers
15139.0,162,1,122.10000000000001,122.10000000000001,122.10000000000001,2,"Low-Spending, Occasional Customers"
15144.0,0,6,3023.9,503.98333333333335,3023.9,3,"High-Value, Frequent Customers"
15145.0,212,2,580.59,290.295,580.59,1,Regular / Developing Customers
15150.0,152,5,2052.5099999999998,410.50199999999995,2052.5099999999998,3,"High-Value, Frequent Customers"
15152.0,61,5,2079.93,415.986,2079.93,3,"High-Value, Frequent Customers"
15153.0,121,1,329.25,329.25,329.25,2,"Low-Spending, Occasional Customers"
15156.0,120,3,961.49,320.49666666666667,961.49,1,Regular / Developing Customers
15157.0,125,2,850.61,425.305,850.61,1,Regular / Developing Customers
15159.0,31,14,6671.65,476.5464285714285,6671.65,3,"High-Value, Frequent Customers"
15164.0,253,2,629.79,314.895,629.79,1,Regular / Developing Customers
15165.0,697,1,487.75,487.75,487.75,0,Dormant / Inactive Customers
15171.0,9,1,1289.5,1289.5,1289.5,1,Regular / Developing Customers
15172.0,332,1,376.1,376.1,376.1,0,Dormant / Inactive Customers
15179.0,340,1,102.0,102.0,102.0,0,Dormant / Inactive Customers
15180.0,516,1,87.5,87.5,87.5,0,Dormant / Inactive Customers
15181.0,244,1,254.48,254.48,254.48,2,"Low-Spending, Occasional Customers"
15182.0,125,1,252.37,252.37,252.37,2,"Low-Spending, Occasional Customers"
15184.0,60,2,402.2,201.1,402.2,1,Regular / Developing Customers
15187.0,35,8,2001.52,250.19,2001.52,3,"High-Value, Frequent Customers"
15189.0,6,18,6206.29,344.7938888888889,6206.29,3,"High-Value, Frequent Customers"
15192.0,2,3,1044.32,348.1066666666666,1044.32,1,Regular / Developing Customers
15193.0,61,1,499.32,499.32,499.32,2,"Low-Spending, Occasional Customers"
15194.0,121,8,4224.03,528.00375,4224.03,3,"High-Value, Frequent Customers"
15195.0,151,1,3861.0,3861.0,3861.0,1,Regular / Developing Customers
15197.0,340,1,216.75,216.75,216.75,0,Dormant / Inactive Customers
15198.0,123,2,193.64,96.82,193.64,2,"Low-Spending, Occasional Customers"
15199.0,30,3,964.65,321.55,964.65,1,Regular / Developing Customers
15201.0,189,3,632.47,210.82333333333335,632.47,1,Regular / Developing Customers
15203.0,342,1,211.94,211.94,211.94,0,Dormant / Inactive Customers
15205.0,246,1,476.29999999999995,476.29999999999995,476.29999999999995,2,"Low-Spending, Occasional Customers"
15206.0,98,2,201.29999999999998,100.64999999999999,201.29999999999998,2,"Low-Spending, Occasional Customers"
15208.0,120,3,546.6,182.20000000000002,546.6,1,Regular / Developing Customers
15211.0,61,2,894.4100000000001,447.20500000000004,894.4100000000001,1,Regular / Developing Customers
15212.0,6,1,101.8,101.8,101.8,2,"Low-Spending, Occasional Customers"
15214.0,36,5,1068.19,213.638,1068.19,1,Regular / Developing Customers
15215.0,245,1,300.04,300.04,300.04,2,"Low-Spending, Occasional Customers"
15218.0,188,1,647.75,647.75,647.75,2,"Low-Spending, Occasional Customers"
15220.0,251,1,316.11,316.11,316.11,2,"Low-Spending, Occasional Customers"
15221.0,485,1,403.25,403.25,403.25,0,Dormant / Inactive Customers
15223.0,250,1,300.85,300.85,300.85,2,"Low-Spending, Occasional Customers"
15224.0,363,1,11.6,11.6,11.6,0,Dormant / Inactive Customers
15226.0,311,1,154.41,154.41,154.41,0,Dormant / Inactive Customers
15227.0,127,3,594.33,198.11,594.33,1,Regular / Developing Customers
15228.0,244,2,2133.2599999999998,1066.6299999999999,2133.2599999999998,1,Regular / Developing Customers
15234.0,129,1,197.0,197.0,197.0,2,"Low-Spending, Occasional Customers"
15235.0,159,7,1121.97,160.28142857142856,1121.97,3,"High-Value, Frequent Customers"
15237.0,120,1,83.6,83.6,83.6,2,"Low-Spending, Occasional Customers"
15238.0,60,3,1071.99,357.33,1071.99,1,Regular / Developing Customers
15240.0,6,3,1045.38,348.46000000000004,1045.38,1,Regular / Developing Customers
15241.0,95,5,1119.71,223.942,1119.71,1,Regular / Developing Customers
15244.0,214,2,631.57,315.785,631.57,1,Regular / Developing Customers
15245.0,218,1,486.24,486.24,486.24,2,"Low-Spending, Occasional Customers"
15247.0,93,1,356.0,356.0,356.0,2,"Low-Spending, Occasional Customers"
15249.0,2,7,3636.29,519.47,3636.29,3,"High-Value, Frequent Customers"
15251.0,3,4,6339.32,1584.83,6339.32,3,"High-Value, Frequent Customers"
15252.0,95,2,740.78,370.39,740.78,1,Regular / Developing Customers
15253.0,1,2,466.75,233.375,466.75,1,Regular / Developing Customers
15254.0,246,1,300.36,300.36,300.36,2,"Low-Spending, Occasional Customers"
15255.0,244,1,890.85,890.85,890.85,2,"Low-Spending, Occasional Customers"
15257.0,341,1,317.15,317.15,317.15,0,Dormant / Inactive Customers
15258.0,188,1,315.66,315.66,315.66,2,"Low-Spending, Occasional Customers"
15260.0,187,3,808.38,269.46,808.38,1,Regular / Developing Customers
15264.0,183,1,393.74,393.74,393.74,2,"Low-Spending, Occasional Customers"
15265.0,33,1,793.88,793.88,793.88,1,Regular / Developing Customers
15266.0,223,1,119.3,119.3,119.3,2,"Low-Spending, Occasional Customers"
15267.0,0,3,1527.76,509.25333333333333,1527.76,1,Regular / Developing Customers
15270.0,38,3,1013.5,337.8333333333333,1013.5,1,Regular / Developing Customers
15271.0,4,8,1328.66,166.0825,1328.66,3,"High-Value, Frequent Customers"
15274.0,212,1,332.58000000000004,332.58000000000004,332.58000000000004,2,"Low-Spending, Occasional Customers"
15275.0,302,1,615.14,615.14,615.14,0,Dormant / Inactive Customers
15276.0,244,1,128.63,128.63,128.63,2,"Low-Spending, Occasional Customers"
15281.0,0,3,1025.19,341.73,1025.19,1,Regular / Developing Customers
15288.0,156,2,548.01,274.005,548.01,1,Regular / Developing Customers
15289.0,60,2,617.25,308.625,617.25,1,Regular / Developing Customers
15290.0,121,7,3202.81,457.5442857142857,3202.81,3,"High-Value, Frequent Customers"
15291.0,4,10,3157.42,315.742,3157.42,3,"High-Value, Frequent Customers"
15296.0,35,2,878.26,439.13,878.26,1,Regular / Developing Customers
15297.0,60,2,380.26,190.13,380.26,1,Regular / Developing Customers
15298.0,123,5,2145.34,429.06800000000004,2145.34,3,"High-Value, Frequent Customers"
15299.0,275,5,3307.01,661.402,3307.01,3,"High-Value, Frequent Customers"
15300.0,183,1,496.44,496.44,496.44,2,"Low-Spending, Occasional Customers"
15301.0,218,3,1345.28,448.4266666666667,1345.28,1,Regular / Developing Customers
15304.0,61,4,391.5,97.875,391.5,1,Regular / Developing Customers
15306.0,123,2,829.73,414.865,829.73,1,Regular / Developing Customers
15307.0,215,1,205.3,205.3,205.3,2,"Low-Spending, Occasional Customers"
15308.0,68,1,310.47,310.47,310.47,2,"Low-Spending, Occasional Customers"
15311.0,0,41,32280.63,787.3324390243903,32280.63,3,"High-Value, Frequent Customers"
15312.0,127,1,318.15999999999997,318.15999999999997,318.15999999999997,2,"Low-Spending, Occasional Customers"
15315.0,183,1,336.96,336.96,336.96,2,"Low-Spending, Occasional Customers"
15318.0,181,1,312.62,312.62,312.62,2,"Low-Spending, Occasional Customers"
15319.0,341,1,204.5,204.5,204.5,0,Dormant / Inactive Customers
15326.0,70,1,311.71,311.71,311.71,2,"Low-Spending, Occasional Customers"
15330.0,61,2,714.96,357.48,714.96,1,Regular / Developing Customers
15332.0,485,4,1661.06,415.265,1661.06,0,Dormant / Inactive Customers
15334.0,186,1,127.53,127.53,127.53,2,"Low-Spending, Occasional Customers"
15339.0,244,1,316.17,316.17,316.17,2,"Low-Spending, Occasional Customers"
15342.0,305,1,406.09,406.09,406.09,0,Dormant / Inactive Customers
15344.0,89,2,255.25,127.625,255.25,2,"Low-Spending, Occasional Customers"
15346.0,39,1,252.42000000000002,252.42000000000002,252.42000000000002,2,"Low-Spending, Occasional Customers"
15347.0,485,1,201.60000000000002,201.60000000000002,201.60000000000002,0,Dormant / Inactive Customers
15349.0,218,2,463.90999999999997,231.95499999999998,463.90999999999997,2,"Low-Spending, Occasional Customers"
15350.0,697,1,115.65,115.65,115.65,0,Dormant / Inactive Customers
15351.0,30,4,770.36,192.59,770.36,1,Regular / Developing Customers
15353.0,516,1,311.65,311.65,311.65,0,Dormant / Inactive Customers
15355.0,60,1,150.8,150.8,150.8,2,"Low-Spending, Occasional Customers"
15356.0,121,5,1226.44,245.288,1226.44,1,Regular / Developing Customers
15358.0,1,11,5004.54,454.9581818181818,5004.54,3,"High-Value, Frequent Customers"
15363.0,666,1,326.0,326.0,326.0,0,Dormant / Inactive Customers
15364.0,215,1,581.39,581.39,581.39,2,"Low-Spending, Occasional Customers"
15365.0,245,1,752.6700000000001,752.6700000000001,752.6700000000001,2,"Low-Spending, Occasional Customers"
15367.0,98,2,1416.18,708.09,1416.18,1,Regular / Developing Customers
15370.0,30,2,217.2,108.6,217.2,2,"Low-Spending, Occasional Customers"
15373.0,332,2,679.83,339.915,679.83,0,Dormant / Inactive Customers
15374.0,277,1,168.0,168.0,168.0,0,Dormant / Inactive Customers
15376.0,339,1,642.37,642.37,642.37,0,Dormant / Inactive Customers
15379.0,98,3,1341.3700000000001,447.1233333333334,1341.3700000000001,1,Regular / Developing Customers
15380.0,332,2,615.4000000000001,307.70000000000005,615.4000000000001,0,Dormant / Inactive Customers
15381.0,66,1,314.55,314.55,314.55,2,"Low-Spending, Occasional Customers"
15382.0,126,2,539.1,269.55,539.1,1,Regular / Developing Customers
15386.0,187,1,394.14,394.14,394.14,2,"Low-Spending, Occasional Customers"
15392.0,1,3,1196.55,398.84999999999997,1196.55,1,Regular / Developing Customers
15393.0,282,1,124.10000000000001,124.10000000000001,124.10000000000001,0,Dormant / Inactive Customers
15399.0,120,1,266.64,266.64,266.64,2,"Low-Spending, Occasional Customers"
15400.0,123,4,649.0,162.25,649.0,1,Regular / Developing Customers
15405.0,279,1,349.1,349.1,349.1,0,Dormant / Inactive Customers
15406.0,38,2,510.71000000000004,255.35500000000002,510.71000000000004,1,Regular / Developing Customers
15407.0,95,4,1046.74,261.685,1046.74,1,Regular / Developing Customers
15410.0,305,2,727.48,363.74,727.48,0,Dormant / Inactive Customers
15411.0,65,2,382.21,191.105,382.21,1,Regular / Developing Customers
15414.0,36,2,421.5,210.75,421.5,1,Regular / Developing Customers
15416.0,156,3,3085.13,1028.3766666666668,3085.13,1,Regular / Developing Customers
15421.0,0,4,950.36,237.59,950.36,1,Regular / Developing Customers
15423.0,333,1,43.5,43.5,43.5,0,Dormant / Inactive Customers
15426.0,182,3,714.6,238.20000000000002,714.6,1,Regular / Developing Customers
15427.0,182,2,1071.05,535.525,1071.05,1,Regular / Developing Customers
15433.0,66,1,160.66,160.66,160.66,2,"Low-Spending, Occasional Customers"
15434.0,121,2,454.20000000000005,227.10000000000002,454.20000000000005,1,Regular / Developing Customers
15442.0,220,1,594.0,594.0,594.0,2,"Low-Spending, Occasional Customers"
15443.0,120,1,375.38,375.38,375.38,2,"Low-Spending, Occasional Customers"
15449.0,157,1,301.78,301.78,301.78,2,"Low-Spending, Occasional Customers"
15450.0,90,1,429.84,429.84,429.84,2,"Low-Spending, Occasional Customers"
15452.0,60,1,125.4,125.4,125.4,2,"Low-Spending, Occasional Customers"
15453.0,120,4,899.79,224.9475,899.79,1,Regular / Developing Customers
15454.0,363,1,179.1,179.1,179.1,0,Dormant / Inactive Customers
15456.0,341,2,203.37,101.685,203.37,0,Dormant / Inactive Customers
15462.0,184,2,169.8,84.9,169.8,2,"Low-Spending, Occasional Customers"
15463.0,60,1,126.14,126.14,126.14,2,"Low-Spending, Occasional Customers"
15464.0,223,1,1044.65,1044.65,1044.65,1,Regular / Developing Customers
15465.0,4,7,2168.66,309.8085714285714,2168.66,3,"High-Value, Frequent Customers"
15467.0,64,1,288.42,288.42,288.42,2,"Low-Spending, Occasional Customers"
15469.0,32,1,304.3,304.3,304.3,2,"Low-Spending, Occasional Customers"
15471.0,151,1,454.48,454.48,454.48,2,"Low-Spending, Occasional Customers"
15473.0,0,6,1363.2,227.20000000000002,1363.2,3,"High-Value, Frequent Customers"
15482.0,274,2,2629.3999999999996,1314.6999999999998,2629.3999999999996,1,Regular / Developing Customers
15483.0,337,3,114.31,38.10333333333333,114.31,0,Dormant / Inactive Customers
15484.0,120,1,674.25,674.25,674.25,2,"Low-Spending, Occasional Customers"
15485.0,90,3,2564.5,854.8333333333334,2564.5,1,Regular / Developing Customers
15488.0,123,1,91.32000000000001,91.32000000000001,91.32000000000001,2,"Low-Spending, Occasional Customers"
15489.0,5,1,348.26,348.26,348.26,2,"Low-Spending, Occasional Customers"
15491.0,215,2,921.6300000000001,460.81500000000005,921.6300000000001,1,Regular / Developing Customers
15492.0,29,1,171.72,171.72,171.72,2,"Low-Spending, Occasional Customers"
15493.0,152,3,1071.0,357.0,1071.0,1,Regular / Developing Customers
15494.0,63,1,1119.88,1119.88,1119.88,1,Regular / Developing Customers
15498.0,5,12,6030.88,502.5733333333333,6030.88,3,"High-Value, Frequent Customers"
15500.0,332,1,266.26,266.26,266.26,0,Dormant / Inactive Customers
15502.0,31,10,9736.98,973.698,9736.98,3,"High-Value, Frequent Customers"
15503.0,363,1,141.04,141.04,141.04,0,Dormant / Inactive Customers
15505.0,156,2,1446.18,723.09,1446.18,1,Regular / Developing Customers
15508.0,249,4,481.8,120.45,481.8,1,Regular / Developing Customers
15511.0,333,1,229.8,229.8,229.8,0,Dormant / Inactive Customers
15512.0,156,1,19.799999999999997,19.799999999999997,19.799999999999997,2,"Low-Spending, Occasional Customers"
15513.0,5,10,7650.21,765.021,7650.21,3,"High-Value, Frequent Customers"
15514.0,182,6,2385.17,397.52833333333336,2385.17,3,"High-Value, Frequent Customers"
15518.0,39,6,1677.71,279.61833333333334,1677.71,3,"High-Value, Frequent Customers"
15520.0,120,1,343.5,343.5,343.5,2,"Low-Spending, Occasional Customers"
15521.0,35,5,1401.8899999999999,280.378,1401.8899999999999,3,"High-Value, Frequent Customers"
15522.0,152,1,138.94,138.94,138.94,2,"Low-Spending, Occasional Customers"
15525.0,151,2,540.61,270.305,540.61,1,Regular / Developing Customers
15526.0,182,2,148.44,74.22,148.44,2,"Low-Spending, Occasional Customers"
15527.0,31,4,1485.64,371.41,1485.64,1,Regular / Developing Customers
15529.0,98,5,1316.15,263.23,1316.15,1,Regular / Developing Customers
15530.0,159,1,548.09,548.09,548.09,2,"Low-Spending, Occasional Customers"
15531.0,90,2,1972.39,986.195,1972.39,1,Regular / Developing Customers
15533.0,31,1,449.65999999999997,449.65999999999997,449.65999999999997,2,"Low-Spending, Occasional Customers"
15539.0,301,1,538.46,538.46,538.46,0,Dormant / Inactive Customers
15544.0,2,6,2535.27,422.545,2535.27,3,"High-Value, Frequent Customers"
15545.0,638,1,135.32999999999998,135.32999999999998,135.32999999999998,0,Dormant / Inactive Customers
15547.0,31,5,2482.17,496.434,2482.17,3,"High-Value, Frequent Customers"
15549.0,217,1,689.58,689.58,689.58,2,"Low-Spending, Occasional Customers"
15550.0,38,2,280.25,140.125,280.25,2,"Low-Spending, Occasional Customers"
15551.0,274,1,436.06,436.06,436.06,0,Dormant / Inactive Customers
15552.0,188,1,90.12,90.12,90.12,2,"Low-Spending, Occasional Customers"
15553.0,61,1,428.93,428.93,428.93,2,"Low-Spending, Occasional Customers"
15554.0,160,1,217.2,217.2,217.2,2,"Low-Spending, Occasional Customers"
15555.0,0,8,2535.63,316.95375,2535.63,3,"High-Value, Frequent Customers"
15557.0,29,1,468.91,468.91,468.91,2,"Low-Spending, Occasional Customers"
15561.0,127,1,265.75,265.75,265.75,2,"Low-Spending, Occasional Customers"
15568.0,151,1,335.77,335.77,335.77,2,"Low-Spending, Occasional Customers"
15569.0,39,1,288.5,288.5,288.5,2,"Low-Spending, Occasional Customers"
15570.0,69,5,1962.26,392.452,1962.26,3,"High-Value, Frequent Customers"
15571.0,182,1,196.43,196.43,196.43,2,"Low-Spending, Occasional Customers"
15572.0,190,4,1068.52,267.13,1068.52,1,Regular / Developing Customers
15573.0,121,1,187.1,187.1,187.1,2,"Low-Spending, Occasional Customers"
15574.0,666,1,349.04,349.04,349.04,0,Dormant / Inactive Customers
15576.0,302,1,921.37,921.37,921.37,0,Dormant / Inactive Customers
15577.0,33,3,258.88,86.29333333333334,258.88,1,Regular / Developing Customers
15579.0,303,1,132.25,132.25,132.25,0,Dormant / Inactive Customers
15581.0,32,6,3390.01,565.0016666666667,3390.01,3,"High-Value, Frequent Customers"
15582.0,280,1,303.61,303.61,303.61,0,Dormant / Inactive Customers
15587.0,31,1,344.88,344.88,344.88,2,"Low-Spending, Occasional Customers"
15589.0,311,1,184.95,184.95,184.95,0,Dormant / Inactive Customers
15594.0,90,2,702.86,351.43,702.86,1,Regular / Developing Customers
15596.0,96,3,1014.54,338.18,1014.54,1,Regular / Developing Customers
15597.0,243,1,324.57,324.57,324.57,2,"Low-Spending, Occasional Customers"
15601.0,31,5,2417.3,483.46000000000004,2417.3,3,"High-Value, Frequent Customers"
15602.0,29,4,458.43,114.6075,458.43,1,Regular / Developing Customers
15605.0,31,4,1015.48,253.87,1015.48,1,Regular / Developing Customers
15606.0,2,4,1384.68,346.17,1384.68,1,Regular / Developing Customers
15607.0,162,1,104.76,104.76,104.76,2,"Low-Spending, Occasional Customers"
15608.0,29,4,1093.68,273.42,1093.68,1,Regular / Developing Customers
15609.0,126,1,298.48,298.48,298.48,2,"Low-Spending, Occasional Customers"
15611.0,100,3,304.6,101.53333333333335,304.6,1,Regular / Developing Customers
15612.0,91,2,195.15,97.575,195.15,2,"Low-Spending, Occasional Customers"
15615.0,35,9,4307.32,478.5911111111111,4307.32,3,"High-Value, Frequent Customers"
15618.0,123,3,554.02,184.67333333333332,554.02,1,Regular / Developing Customers
15620.0,280,1,450.52,450.52,450.52,0,Dormant / Inactive Customers
15621.0,212,2,248.07,124.035,248.07,2,"Low-Spending, Occasional Customers"
15622.0,310,1,576.0,576.0,576.0,0,Dormant / Inactive Customers
15625.0,336,1,301.14,301.14,301.14,0,Dormant / Inactive Customers
15628.0,65,6,1872.98,312.16333333333336,1872.98,3,"High-Value, Frequent Customers"
15632.0,63,4,1745.52,436.38,1745.52,1,Regular / Developing Customers
15636.0,31,2,724.76,362.38,724.76,1,Regular / Developing Customers
15640.0,39,7,5592.73,798.9614285714285,5592.73,3,"High-Value, Frequent Customers"
15641.0,310,1,453.79,453.79,453.79,0,Dormant / Inactive Customers
15643.0,310,3,664.0,221.33333333333334,664.0,1,Regular / Developing Customers
15646.0,159,3,447.64000000000004,149.21333333333334,447.64000000000004,1,Regular / Developing Customers
15649.0,162,2,816.0,408.0,816.0,1,Regular / Developing Customers
15651.0,274,2,418.98,209.49,418.98,0,Dormant / Inactive Customers
15652.0,92,1,337.74,337.74,337.74,2,"Low-Spending, Occasional Customers"
15653.0,123,1,829.4399999999999,829.4399999999999,829.4399999999999,2,"Low-Spending, Occasional Customers"
15655.0,67,1,560.67,560.67,560.67,2,"Low-Spending, Occasional Customers"
15656.0,280,1,63.910000000000004,63.910000000000004,63.910000000000004,0,Dormant / Inactive Customers
15658.0,283,3,583.9000000000001,194.63333333333335,583.9000000000001,1,Regular / Developing Customers
15660.0,341,2,364.3,182.15,364.3,0,Dormant / Inactive Customers
15661.0,223,1,116.0,116.0,116.0,2,"Low-Spending, Occasional Customers"
15665.0,67,1,1456.42,1456.42,1456.42,1,Regular / Developing Customers
15668.0,188,1,76.32000000000001,76.32000000000001,76.32000000000001,2,"Low-Spending, Occasional Customers"
15671.0,36,3,1315.72,438.5733333333333,1315.72,1,Regular / Developing Customers
15673.0,1,3,1845.97,615.3233333333334,1845.97,1,Regular / Developing Customers
15674.0,66,3,1024.54,341.5133333333333,1024.54,1,Regular / Developing Customers
15675.0,156,2,225.39,112.695,225.39,2,"Low-Spending, Occasional Customers"
15676.0,243,2,3267.84,1633.92,3267.84,1,Regular / Developing Customers
15679.0,65,3,734.66,244.88666666666666,734.66,1,Regular / Developing Customers
15680.0,485,1,478.89,478.89,478.89,0,Dormant / Inactive Customers
15681.0,29,4,1183.02,295.755,1183.02,1,Regular / Developing Customers
15687.0,187,4,1469.42,367.355,1469.42,1,Regular / Developing Customers
15689.0,2,1,150.6,150.6,150.6,2,"Low-Spending, Occasional Customers"
15690.0,212,1,128.76,128.76,128.76,2,"Low-Spending, Occasional Customers"
15691.0,340,1,136.8,136.8,136.8,0,Dormant / Inactive Customers
15692.0,29,1,191.04,191.04,191.04,2,"Low-Spending, Occasional Customers"
15694.0,60,8,4404.57,550.57125,4404.57,3,"High-Value, Frequent Customers"
15696.0,182,3,1236.75,412.25,1236.75,1,Regular / Developing Customers
15701.0,151,2,564.03,282.015,564.03,1,Regular / Developing Customers
15704.0,127,2,1507.32,753.66,1507.32,1,Regular / Developing Customers
15706.0,153,2,181.8,90.9,181.8,2,"Low-Spending, Occasional Customers"
15707.0,183,2,480.87,240.435,480.87,1,Regular / Developing Customers
15708.0,100,3,1167.41,389.1366666666667,1167.41,1,Regular / Developing Customers
15709.0,341,1,133.25,133.25,133.25,0,Dormant / Inactive Customers
15712.0,95,1,158.85,158.85,158.85,2,"Low-Spending, Occasional Customers"
15713.0,485,1,171.15,171.15,171.15,0,Dormant / Inactive Customers
15716.0,577,1,529.4,529.4,529.4,0,Dormant / Inactive Customers
15719.0,152,10,3869.4,386.94,3869.4,3,"High-Value, Frequent Customers"
15722.0,218,3,1233.01,411.00333333333333,1233.01,1,Regular / Developing Customers
15723.0,424,1,190.7,190.7,190.7,0,Dormant / Inactive Customers
15727.0,9,2,1339.2,669.6,1339.2,1,Regular / Developing Customers
15729.0,35,1,85.0,85.0,85.0,2,"Low-Spending, Occasional Customers"
15730.0,123,2,653.45,326.725,653.45,1,Regular / Developing Customers
15732.0,35,2,294.12,147.06,294.12,2,"Low-Spending, Occasional Customers"
15733.0,310,1,162.3,162.3,162.3,0,Dormant / Inactive Customers
15737.0,36,4,712.73,178.1825,712.73,1,Regular / Developing Customers
15738.0,95,5,1549.43,309.886,1549.43,1,Regular / Developing Customers
15739.0,244,1,449.12,449.12,449.12,2,"Low-Spending, Occasional Customers"
15743.0,126,2,451.61,225.805,451.61,1,Regular / Developing Customers
15745.0,182,1,309.53000000000003,309.53000000000003,309.53000000000003,2,"Low-Spending, Occasional Customers"
15747.0,32,1,282.71999999999997,282.71999999999997,282.71999999999997,2,"Low-Spending, Occasional Customers"
15749.0,39,2,22998.4,11499.2,22998.4,3,"High-Value, Frequent Customers"
15750.0,151,5,1271.3600000000001,254.27200000000002,1271.3600000000001,1,Regular / Developing Customers
15752.0,154,4,1523.2,380.8,1523.2,1,Regular / Developing Customers
15753.0,130,1,79.2,79.2,79.2,2,"Low-Spending, Occasional Customers"
15754.0,159,1,91.8,91.8,91.8,2,"Low-Spending, Occasional Customers"
15755.0,1,1,330.92,330.92,330.92,2,"Low-Spending, Occasional Customers"
15756.0,64,4,528.01,132.0025,528.01,1,Regular / Developing Customers
15757.0,188,2,714.42,357.21,714.42,1,Regular / Developing Customers
15759.0,219,1,68.0,68.0,68.0,2,"Low-Spending, Occasional Customers"
15762.0,214,1,268.44,268.44,268.44,2,"Low-Spending, Occasional Customers"
15763.0,121,1,564.4300000000001,564.4300000000001,564.4300000000001,2,"Low-Spending, Occasional Customers"
15764.0,1,4,1697.8700000000001,424.46750000000003,1697.8700000000001,1,Regular / Developing Customers
15766.0,183,1,315.06,315.06,315.06,2,"Low-Spending, Occasional Customers"
15769.0,90,10,21802.68,2180.268,21802.68,3,"High-Value, Frequent Customers"
15773.0,242,1,635.6800000000001,635.6800000000001,635.6800000000001,2,"Low-Spending, Occasional Customers"
15774.0,303,1,270.8,270.8,270.8,0,Dormant / Inactive Customers
15775.0,128,1,104.9,104.9,104.9,2,"Low-Spending, Occasional Customers"
15777.0,6,1,293.96,293.96,293.96,2,"Low-Spending, Occasional Customers"
15780.0,36,2,298.13,149.065,298.13,2,"Low-Spending, Occasional Customers"
15781.0,161,1,83.35,83.35,83.35,2,"Low-Spending, Occasional Customers"
15782.0,31,1,1638.3400000000001,1638.3400000000001,1638.3400000000001,1,Regular / Developing Customers
15785.0,152,3,998.5699999999999,332.8566666666666,998.5699999999999,1,Regular / Developing Customers
15787.0,91,1,479.1,479.1,479.1,2,"Low-Spending, Occasional Customers"
15796.0,69,4,1315.22,328.805,1315.22,1,Regular / Developing Customers
15797.0,96,2,1825.2,912.6,1825.2,1,Regular / Developing Customers
15799.0,100,2,481.24,240.62,481.24,1,Regular / Developing Customers
15800.0,159,1,244.5,244.5,244.5,2,"Low-Spending, Occasional Customers"
15801.0,61,1,869.98,869.98,869.98,1,Regular / Developing Customers
15804.0,89,4,1392.63,348.1575,1392.63,1,Regular / Developing Customers
15805.0,121,6,1053.6100000000001,175.6016666666667,1053.6100000000001,3,"High-Value, Frequent Customers"
15806.0,129,2,521.88,260.94,521.88,1,Regular / Developing Customers
15808.0,191,3,2422.87,807.6233333333333,2422.87,1,Regular / Developing Customers
15809.0,69,3,331.26,110.42,331.26,1,Regular / Developing Customers
15811.0,454,1,289.85,289.85,289.85,0,Dormant / Inactive Customers
15812.0,33,2,822.48,411.24,822.48,1,Regular / Developing Customers
15814.0,274,1,456.23999999999995,456.23999999999995,456.23999999999995,0,Dormant / Inactive Customers
15815.0,35,3,1192.98,397.66,1192.98,1,Regular / Developing Customers
15819.0,129,1,639.64,639.64,639.64,2,"Low-Spending, Occasional Customers"
15821.0,91,1,254.18,254.18,254.18,2,"Low-Spending, Occasional Customers"
15822.0,181,1,445.27,445.27,445.27,2,"Low-Spending, Occasional Customers"
15823.0,666,1,15.0,15.0,15.0,0,Dormant / Inactive Customers
15827.0,95,8,874.96,109.37,874.96,3,"High-Value, Frequent Customers"
15829.0,335,1,310.7,310.7,310.7,0,Dormant / Inactive Customers
15830.0,302,1,576.0,576.0,576.0,0,Dormant / Inactive Customers
15831.0,0,2,484.7,242.35,484.7,1,Regular / Developing Customers
15834.0,160,2,1272.77,636.385,1272.77,1,Regular / Developing Customers
15837.0,183,1,391.98,391.98,391.98,2,"Low-Spending, Occasional Customers"
15838.0,63,9,23307.78,2589.753333333333,23307.78,3,"High-Value, Frequent Customers"
15839.0,182,1,258.13,258.13,258.13,2,"Low-Spending, Occasional Customers"
15840.0,0,1,113.82,113.82,113.82,2,"Low-Spending, Occasional Customers"
15841.0,219,2,613.26,306.63,613.26,1,Regular / Developing Customers
15843.0,99,1,118.95000000000002,118.95000000000002,118.95000000000002,2,"Low-Spending, Occasional Customers"
15845.0,192,2,643.84,321.92,643.84,1,Regular / Developing Customers
15847.0,333,1,208.59,208.59,208.59,0,Dormant / Inactive Customers
15852.0,187,1,57.5,57.5,57.5,2,"Low-Spending, Occasional Customers"
15854.0,212,3,432.18,144.06,432.18,1,Regular / Developing Customers
15855.0,95,1,132.18,132.18,132.18,2,"Low-Spending, Occasional Customers"
15856.0,33,14,9364.130000000001,668.8664285714286,9364.130000000001,3,"High-Value, Frequent Customers"
15858.0,30,2,654.15,327.075,654.15,1,Regular / Developing Customers
15860.0,155,4,622.16,155.54,622.16,1,Regular / Developing Customers
15862.0,332,2,527.38,263.69,527.38,0,Dormant / Inactive Customers
15864.0,244,2,1064.14,532.07,1064.14,1,Regular / Developing Customers
15865.0,1,2,603.85,301.925,603.85,1,Regular / Developing Customers
15867.0,36,5,1154.28,230.856,1154.28,1,Regular / Developing Customers
15869.0,160,2,149.64,74.82,149.64,2,"Low-Spending, Occasional Customers"
15870.0,152,1,351.44,351.44,351.44,2,"Low-Spending, Occasional Customers"
15874.0,128,3,3480.1800000000003,1160.0600000000002,3480.1800000000003,1,Regular / Developing Customers
15877.0,120,1,251.02,251.02,251.02,2,"Low-Spending, Occasional Customers"
15880.0,577,1,329.03000000000003,329.03000000000003,329.03000000000003,0,Dormant / Inactive Customers
15881.0,424,1,114.45000000000002,114.45000000000002,114.45000000000002,0,Dormant / Inactive Customers
15882.0,546,2,371.32000000000005,185.66000000000003,371.32000000000005,0,Dormant / Inactive Customers
15883.0,151,2,396.48,198.24,396.48,2,"Low-Spending, Occasional Customers"
15885.0,123,3,379.35,126.45,379.35,1,Regular / Developing Customers
15886.0,61,1,181.09,181.09,181.09,2,"Low-Spending, Occasional Customers"
15889.0,186,2,420.07,210.035,420.07,2,"Low-Spending, Occasional Customers"
15894.0,577,1,151.44,151.44,151.44,0,Dormant / Inactive Customers
15898.0,120,3,902.53,300.8433333333333,902.53,1,Regular / Developing Customers
15899.0,546,1,56.25,56.25,56.25,0,Dormant / Inactive Customers
15901.0,125,1,110.49,110.49,110.49,2,"Low-Spending, Occasional Customers"
15903.0,29,1,1405.2,1405.2,1405.2,1,Regular / Developing Customers
15904.0,332,1,164.68,164.68,164.68,0,Dormant / Inactive Customers
15906.0,249,2,862.32,431.16,862.32,1,Regular / Developing Customers
15907.0,181,1,405.13,405.13,405.13,2,"Low-Spending, Occasional Customers"
15910.0,89,4,553.4,138.35,553.4,1,Regular / Developing Customers
15916.0,90,5,859.72,171.94400000000002,859.72,1,Regular / Developing Customers
15917.0,189,1,123.1,123.1,123.1,2,"Low-Spending, Occasional Customers"
15918.0,307,1,192.23,192.23,192.23,0,Dormant / Inactive Customers
15919.0,546,1,214.07999999999998,214.07999999999998,214.07999999999998,0,Dormant / Inactive Customers
15920.0,125,4,167.5,41.875,167.5,1,Regular / Developing Customers
15922.0,697,1,369.5,369.5,369.5,0,Dormant / Inactive Customers
15923.0,666,1,127.08,127.08,127.08,0,Dormant / Inactive Customers
15930.0,275,1,426.63,426.63,426.63,0,Dormant / Inactive Customers
15932.0,1,4,1226.1,306.525,1226.1,1,Regular / Developing Customers
15935.0,6,1,308.82,308.82,308.82,2,"Low-Spending, Occasional Customers"
15937.0,183,1,145.35,145.35,145.35,2,"Low-Spending, Occasional Customers"
15938.0,220,1,105.0,105.0,105.0,2,"Low-Spending, Occasional Customers"
15939.0,4,6,3563.13,593.855,3563.13,3,"High-Value, Frequent Customers"
15940.0,342,1,35.8,35.8,35.8,0,Dormant / Inactive Customers
15944.0,129,1,325.1,325.1,325.1,2,"Low-Spending, Occasional Customers"
15945.0,454,1,181.0,181.0,181.0,0,Dormant / Inactive Customers
15948.0,332,1,311.0,311.0,311.0,0,Dormant / Inactive Customers
15950.0,121,1,418.29,418.29,418.29,2,"Low-Spending, Occasional Customers"
15951.0,332,1,333.05,333.05,333.05,0,Dormant / Inactive Customers
15952.0,182,3,549.26,183.08666666666667,549.26,1,Regular / Developing Customers
15953.0,5,5,1075.73,215.14600000000002,1075.73,1,Regular / Developing Customers
15955.0,30,7,2062.4900000000002,294.6414285714286,2062.4900000000002,3,"High-Value, Frequent Customers"
15957.0,121,1,428.89,428.89,428.89,2,"Low-Spending, Occasional Customers"
15965.0,29,3,658.32,219.44000000000003,658.32,1,Regular / Developing Customers
15969.0,151,2,443.7,221.85,443.7,1,Regular / Developing Customers
15970.0,99,1,314.1,314.1,314.1,2,"Low-Spending, Occasional Customers"
15971.0,1,6,1680.95,280.15833333333336,1680.95,3,"High-Value, Frequent Customers"
15973.0,485,1,307.82000000000005,307.82000000000005,307.82000000000005,0,Dormant / Inactive Customers
15974.0,5,4,1633.49,408.3725,1633.49,1,Regular / Developing Customers
15976.0,280,1,209.99,209.99,209.99,0,Dormant / Inactive Customers
15980.0,1,2,1638.68,819.34,1638.68,1,Regular / Developing Customers
15981.0,6,2,790.8,395.4,790.8,1,Regular / Developing Customers
15983.0,454,2,813.65,406.825,813.65,0,Dormant / Inactive Customers
15984.0,151,5,1188.11,237.62199999999999,1188.11,1,Regular / Developing Customers
15985.0,124,1,242.84,242.84,242.84,2,"Low-Spending, Occasional Customers"
15986.0,90,1,168.12,168.12,168.12,2,"Low-Spending, Occasional Customers"
15987.0,32,3,525.8900000000001,175.2966666666667,525.8900000000001,1,Regular / Developing Customers
15992.0,181,1,41.989999999999995,41.989999999999995,41.989999999999995,2,"Low-Spending, Occasional Customers"
15993.0,182,3,669.71,223.23666666666668,669.71,1,Regular / Developing Customers
15996.0,1,2,416.07,208.035,416.07,1,Regular / Developing Customers
15998.0,274,2,1439.65,719.825,1439.65,1,Regular / Developing Customers
16000.0,151,3,12393.7,4131.233333333334,12393.7,3,"High-Value, Frequent Customers"
16003.0,60,2,941.47,470.735,941.47,1,Regular / Developing Customers
16005.0,65,1,120.49000000000001,120.49000000000001,120.49000000000001,2,"Low-Spending, Occasional Customers"
16006.0,5,1,101.4,101.4,101.4,2,"Low-Spending, Occasional Customers"
16007.0,4,3,1477.71,492.57,1477.71,1,Regular / Developing Customers
16009.0,152,2,524.35,262.175,524.35,1,Regular / Developing Customers
16010.0,128,3,392.4,130.79999999999998,392.4,1,Regular / Developing Customers
16011.0,2,9,2193.56,243.7288888888889,2193.56,3,"High-Value, Frequent Customers"
16012.0,156,3,1415.29,471.7633333333333,1415.29,1,Regular / Developing Customers
16013.0,2,26,19403.16,746.2753846153846,19403.16,3,"High-Value, Frequent Customers"
16014.0,64,2,393.20000000000005,196.60000000000002,393.20000000000005,1,Regular / Developing Customers
16015.0,181,1,203.1,203.1,203.1,2,"Low-Spending, Occasional Customers"
16016.0,181,3,784.11,261.37,784.11,1,Regular / Developing Customers
16018.0,4,1,161.9,161.9,161.9,2,"Low-Spending, Occasional Customers"
16019.0,162,2,723.35,361.675,723.35,1,Regular / Developing Customers
16020.0,214,1,518.8,518.8,518.8,2,"Low-Spending, Occasional Customers"
16025.0,60,1,439.65999999999997,439.65999999999997,439.65999999999997,2,"Low-Spending, Occasional Customers"
16027.0,69,3,595.87,198.62333333333333,595.87,1,Regular / Developing Customers
16029.0,30,33,48851.67,1480.3536363636363,48851.67,3,"High-Value, Frequent Customers"
16030.0,283,1,331.24,331.24,331.24,0,Dormant / Inactive Customers
16031.0,123,2,547.9,273.95,547.9,1,Regular / Developing Customers
16033.0,5,9,4315.11,479.45666666666665,4315.11,3,"High-Value, Frequent Customers"
16034.0,39,1,153.6,153.6,153.6,2,"Low-Spending, Occasional Customers"
16037.0,130,1,303.00000000000006,303.00000000000006,303.00000000000006,2,"Low-Spending, Occasional Customers"
16038.0,301,1,78.45,78.45,78.45,0,Dormant / Inactive Customers
16040.0,214,1,437.37,437.37,437.37,2,"Low-Spending, Occasional Customers"
16041.0,90,1,426.6,426.6,426.6,2,"Low-Spending, Occasional Customers"
16042.0,39,1,24.95,24.95,24.95,2,"Low-Spending, Occasional Customers"
16043.0,5,3,466.14000000000004,155.38000000000002,466.14000000000004,1,Regular / Developing Customers
16045.0,2,2,406.85,203.425,406.85,1,Regular / Developing Customers
16048.0,697,2,256.44,128.22,256.44,0,Dormant / Inactive Customers
16053.0,93,2,1511.95,755.975,1511.95,1,Regular / Developing Customers
16055.0,280,1,134.8,134.8,134.8,0,Dormant / Inactive Customers
16057.0,5,5,860.25,172.05,860.25,1,Regular / Developing Customers
16059.0,214,2,223.55,111.775,223.55,2,"Low-Spending, Occasional Customers"
16062.0,6,2,578.18,289.09,578.18,1,Regular / Developing Customers
16065.0,454,1,367.14,367.14,367.14,0,Dormant / Inactive Customers
16066.0,91,3,1070.99,356.99666666666667,1070.99,1,Regular / Developing Customers
16070.0,152,1,686.85,686.85,686.85,2,"Low-Spending, Occasional Customers"
16076.0,30,5,1192.3,238.45999999999998,1192.3,1,Regular / Developing Customers
16078.0,341,1,79.2,79.2,79.2,0,Dormant / Inactive Customers
16080.0,68,1,130.26,130.26,130.26,2,"Low-Spending, Occasional Customers"
16081.0,157,2,581.84,290.92,581.84,1,Regular / Developing Customers
16085.0,0,1,120.33,120.33,120.33,2,"Low-Spending, Occasional Customers"
16086.0,30,3,711.59,237.1966666666667,711.59,1,Regular / Developing Customers
16091.0,125,1,157.81,157.81,157.81,2,"Low-Spending, Occasional Customers"
16094.0,60,3,761.3,253.76666666666665,761.3,1,Regular / Developing Customers
16098.0,157,4,1132.79,283.1975,1132.79,1,Regular / Developing Customers
16102.0,277,2,1392.8400000000001,696.4200000000001,1392.8400000000001,1,Regular / Developing Customers
16103.0,187,3,638.44,212.81333333333336,638.44,1,Regular / Developing Customers
16104.0,91,1,298.21,298.21,298.21,2,"Low-Spending, Occasional Customers"
16105.0,220,1,336.96,336.96,336.96,2,"Low-Spending, Occasional Customers"
16106.0,214,1,108.38,108.38,108.38,2,"Low-Spending, Occasional Customers"
16107.0,29,3,1353.74,451.24666666666667,1353.74,1,Regular / Developing Customers
16109.0,219,2,611.88,305.94,611.88,1,Regular / Developing Customers
16110.0,342,1,404.0,404.0,404.0,0,Dormant / Inactive Customers
16112.0,70,3,159.18,53.06,159.18,2,"Low-Spending, Occasional Customers"
16113.0,95,1,161.38,161.38,161.38,2,"Low-Spending, Occasional Customers"
16115.0,4,2,312.21,156.105,312.21,2,"Low-Spending, Occasional Customers"
16116.0,5,1,612.78,612.78,612.78,2,"Low-Spending, Occasional Customers"
16117.0,279,1,232.21,232.21,232.21,0,Dormant / Inactive Customers
16119.0,332,1,113.88000000000001,113.88000000000001,113.88000000000001,0,Dormant / Inactive Customers
16120.0,30,4,1309.14,327.285,1309.14,1,Regular / Developing Customers
16121.0,127,1,285.94,285.94,285.94,2,"Low-Spending, Occasional Customers"
16122.0,39,2,249.84,124.92,249.84,2,"Low-Spending, Occasional Customers"
16125.0,516,1,289.35,289.35,289.35,0,Dormant / Inactive Customers
16126.0,60,2,3533.7200000000003,1766.8600000000001,3533.7200000000003,1,Regular / Developing Customers
16128.0,274,2,666.82,333.41,666.82,1,Regular / Developing Customers
16133.0,29,14,5523.83,394.5592857142857,5523.83,3,"High-Value, Frequent Customers"
16136.0,30,2,566.04,283.02,566.04,1,Regular / Developing Customers
16140.0,214,2,725.18,362.59,725.18,1,Regular / Developing Customers
16141.0,1,1,620.4,620.4,620.4,2,"Low-Spending, Occasional Customers"
16142.0,250,1,535.34,535.34,535.34,2,"Low-Spending, Occasional Customers"
16143.0,35,4,1594.15,398.5375,1594.15,1,Regular / Developing Customers
16144.0,159,1,175.2,175.2,175.2,2,"Low-Spending, Occasional Customers"
16145.0,3,5,1686.04,337.20799999999997,1686.04,3,"High-Value, Frequent Customers"
16146.0,217,1,75.0,75.0,75.0,2,"Low-Spending, Occasional Customers"
16149.0,212,1,116.84,116.84,116.84,2,"Low-Spending, Occasional Customers"
16150.0,1,3,1177.47,392.49,1177.47,1,Regular / Developing Customers
16153.0,157,2,485.09000000000003,242.54500000000002,485.09000000000003,1,Regular / Developing Customers
16156.0,33,4,1004.0500000000001,251.01250000000002,1004.0500000000001,1,Regular / Developing Customers
16159.0,282,1,348.2,348.2,348.2,0,Dormant / Inactive Customers
16160.0,214,1,223.49999999999997,223.49999999999997,223.49999999999997,2,"Low-Spending, Occasional Customers"
16161.0,30,6,1570.72,261.7866666666667,1570.72,3,"High-Value, Frequent Customers"
16162.0,340,1,37.4,37.4,37.4,0,Dormant / Inactive Customers
16163.0,454,1,441.6,441.6,441.6,0,Dormant / Inactive Customers
16168.0,3,12,2104.78,175.39833333333334,2104.78,3,"High-Value, Frequent Customers"
16169.0,60,2,918.17,459.085,918.17,1,Regular / Developing Customers
16170.0,95,2,635.31,317.655,635.31,1,Regular / Developing Customers
16171.0,30,1,73.2,73.2,73.2,2,"Low-Spending, Occasional Customers"
16172.0,6,4,788.24,197.06,788.24,1,Regular / Developing Customers
16173.0,92,3,747.7,249.23333333333335,747.7,1,Regular / Developing Customers
16174.0,33,2,626.35,313.175,626.35,1,Regular / Developing Customers
16175.0,184,1,300.7,300.7,300.7,2,"Low-Spending, Occasional Customers"
16179.0,61,1,215.83,215.83,215.83,2,"Low-Spending, Occasional Customers"
16180.0,246,2,2730.88,1365.44,2730.88,1,Regular / Developing Customers
16182.0,336,1,2327.0,2327.0,2327.0,0,Dormant / Inactive Customers
16183.0,275,1,338.71000000000004,338.71000000000004,338.71000000000004,0,Dormant / Inactive Customers
16184.0,5,3,620.88,206.96,620.88,1,Regular / Developing Customers
16186.0,5,7,2402.92,343.2742857142857,2402.92,3,"High-Value, Frequent Customers"
16187.0,121,4,1533.56,383.39,1533.56,1,Regular / Developing Customers
16188.0,36,1,151.65,151.65,151.65,2,"Low-Spending, Occasional Customers"
16191.0,38,4,1606.8400000000001,401.71000000000004,1606.8400000000001,1,Regular / Developing Customers
16200.0,212,1,518.3,518.3,518.3,2,"Low-Spending, Occasional Customers"
16201.0,181,1,509.4,509.4,509.4,2,"Low-Spending, Occasional Customers"
16203.0,0,2,385.3,192.65,385.3,1,Regular / Developing Customers
16205.0,90,3,645.28,215.09333333333333,645.28,1,Regular / Developing Customers
16206.0,155,1,121.11,121.11,121.11,2,"Low-Spending, Occasional Customers"
16209.0,1,4,926.42,231.605,926.42,1,Regular / Developing Customers
16210.0,66,11,15447.19,1404.29,15447.19,3,"High-Value, Frequent Customers"
16211.0,1,1,547.02,547.02,547.02,2,"Low-Spending, Occasional Customers"
16212.0,341,1,498.15000000000003,498.15000000000003,498.15000000000003,0,Dormant / Inactive Customers
16214.0,340,1,206.7,206.7,206.7,0,Dormant / Inactive Customers
16217.0,310,1,183.0,183.0,183.0,0,Dormant / Inactive Customers
16218.0,60,2,920.5,460.25,920.5,1,Regular / Developing Customers
16221.0,98,3,860.86,286.9533333333333,860.86,1,Regular / Developing Customers
16224.0,250,1,167.47,167.47,167.47,2,"Low-Spending, Occasional Customers"
16225.0,160,2,416.61,208.305,416.61,2,"Low-Spending, Occasional Customers"
16229.0,35,1,358.2,358.2,358.2,2,"Low-Spending, Occasional Customers"
16230.0,279,2,542.03,271.015,542.03,0,Dormant / Inactive Customers
16232.0,127,2,366.47,183.235,366.47,2,"Low-Spending, Occasional Customers"
16233.0,485,1,147.39999999999998,147.39999999999998,147.39999999999998,0,Dormant / Inactive Customers
16235.0,39,2,429.5,214.75,429.5,1,Regular / Developing Customers
16239.0,279,1,347.9,347.9,347.9,0,Dormant / Inactive Customers
16241.0,0,9,1437.69,159.74333333333334,1437.69,3,"High-Value, Frequent Customers"
16242.0,96,5,2591.9700000000003,518.394,2591.9700000000003,3,"High-Value, Frequent Customers"
16243.0,182,1,194.15,194.15,194.15,2,"Low-Spending, Occasional Customers"
16244.0,5,2,1522.75,761.375,1522.75,1,Regular / Developing Customers
16245.0,63,1,315.72,315.72,315.72,2,"Low-Spending, Occasional Customers"
16248.0,91,1,152.94,152.94,152.94,2,"Low-Spending, Occasional Customers"
16250.0,697,1,226.14,226.14,226.14,0,Dormant / Inactive Customers
16253.0,244,1,1983.46,1983.46,1983.46,1,Regular / Developing Customers
16255.0,159,5,1446.71,289.342,1446.71,1,Regular / Developing Customers
16258.0,246,2,1787.26,893.63,1787.26,1,Regular / Developing Customers
16261.0,159,1,252.52,252.52,252.52,2,"Low-Spending, Occasional Customers"
16265.0,130,4,2394.36,598.59,2394.36,1,Regular / Developing Customers
16271.0,151,2,314.42,157.21,314.42,2,"Low-Spending, Occasional Customers"
16274.0,697,1,351.75,351.75,351.75,0,Dormant / Inactive Customers
16282.0,253,1,168.3,168.3,168.3,2,"Low-Spending, Occasional Customers"
16283.0,32,4,1293.0,323.25,1293.0,1,Regular / Developing Customers
16284.0,121,1,422.43,422.43,422.43,2,"Low-Spending, Occasional Customers"
16292.0,63,1,302.25,302.25,302.25,2,"Low-Spending, Occasional Customers"
16293.0,92,3,703.34,234.4466666666667,703.34,1,Regular / Developing Customers
16295.0,0,2,692.3,346.15,692.3,1,Regular / Developing Customers
16298.0,187,1,114.3,114.3,114.3,2,"Low-Spending, Occasional Customers"
16302.0,216,1,233.22,233.22,233.22,2,"Low-Spending, Occasional Customers"
16303.0,70,1,827.1800000000001,827.1800000000001,827.1800000000001,1,Regular / Developing Customers
16306.0,38,4,616.35,154.0875,616.35,1,Regular / Developing Customers
16308.0,188,2,1600.0,800.0,1600.0,1,Regular / Developing Customers
16313.0,181,1,106.53,106.53,106.53,2,"Low-Spending, Occasional Customers"
16316.0,98,5,1586.77,317.354,1586.77,1,Regular / Developing Customers
16317.0,2,2,770.89,385.445,770.89,1,Regular / Developing Customers
16318.0,243,1,328.15,328.15,328.15,2,"Low-Spending, Occasional Customers"
16319.0,188,1,404.40000000000003,404.40000000000003,404.40000000000003,2,"Low-Spending, Occasional Customers"
16320.0,66,1,852.68,852.68,852.68,1,Regular / Developing Customers
16321.0,161,2,135.9,67.95,135.9,2,"Low-Spending, Occasional Customers"
16322.0,120,2,326.75,163.375,326.75,2,"Low-Spending, Occasional Customers"
16324.0,277,2,253.22,126.61,253.22,0,Dormant / Inactive Customers
16325.0,128,2,416.02000000000004,208.01000000000002,416.02000000000004,1,Regular / Developing Customers
16326.0,91,7,1691.0,241.57142857142858,1691.0,3,"High-Value, Frequent Customers"
16327.0,577,1,535.6,535.6,535.6,0,Dormant / Inactive Customers
16332.0,29,5,984.01,196.802,984.01,1,Regular / Developing Customers
16333.0,124,14,20637.36,1474.097142857143,20637.36,3,"High-Value, Frequent Customers"
16337.0,274,1,151.05,151.05,151.05,0,Dormant / Inactive Customers
16338.0,217,1,214.79999999999998,214.79999999999998,214.79999999999998,2,"Low-Spending, Occasional Customers"
16344.0,247,1,101.10000000000001,101.10000000000001,101.10000000000001,2,"Low-Spending, Occasional Customers"
16347.0,274,1,436.79,436.79,436.79,0,Dormant / Inactive Customers
16348.0,152,4,708.8,177.2,708.8,1,Regular / Developing Customers
16350.0,70,2,812.17,406.085,812.17,1,Regular / Developing Customers
16351.0,39,1,153.9,153.9,153.9,2,"Low-Spending, Occasional Customers"
16352.0,302,1,204.92000000000002,204.92000000000002,204.92000000000002,0,Dormant / Inactive Customers
16353.0,9,12,3404.21,283.68416666666667,3404.21,3,"High-Value, Frequent Customers"
16354.0,153,1,29.700000000000003,29.700000000000003,29.700000000000003,2,"Low-Spending, Occasional Customers"
16356.0,160,1,102.0,102.0,102.0,2,"Low-Spending, Occasional Customers"
16357.0,66,2,538.83,269.415,538.83,1,Regular / Developing Customers
16358.0,120,3,1355.1000000000001,451.70000000000005,1355.1000000000001,1,Regular / Developing Customers
16359.0,9,8,1520.35,190.04375,1520.35,3,"High-Value, Frequent Customers"
16360.0,1,4,2485.56,621.39,2485.56,3,"High-Value, Frequent Customers"
16362.0,30,5,709.99,141.998,709.99,1,Regular / Developing Customers
16365.0,3,5,619.22,123.84400000000001,619.22,1,Regular / Developing Customers
16367.0,302,2,800.67,400.335,800.67,0,Dormant / Inactive Customers
16368.0,29,2,479.91,239.955,479.91,1,Regular / Developing Customers
16370.0,65,1,271.04,271.04,271.04,2,"Low-Spending, Occasional Customers"
16372.0,182,2,355.73,177.865,355.73,2,"Low-Spending, Occasional Customers"
16374.0,244,1,312.53000000000003,312.53000000000003,312.53000000000003,2,"Low-Spending, Occasional Customers"
16376.0,332,1,112.75999999999999,112.75999999999999,112.75999999999999,0,Dormant / Inactive Customers
16378.0,189,2,220.1,110.05,220.1,2,"Low-Spending, Occasional Customers"
16379.0,212,2,1225.44,612.72,1225.44,1,Regular / Developing Customers
16380.0,91,1,1743.1499999999999,1743.1499999999999,1743.1499999999999,1,Regular / Developing Customers
16384.0,31,1,175.4,175.4,175.4,2,"Low-Spending, Occasional Customers"
16385.0,61,3,554.86,184.95333333333335,554.86,1,Regular / Developing Customers
16386.0,29,1,241.47,241.47,241.47,2,"Low-Spending, Occasional Customers"
16389.0,341,1,119.65,119.65,119.65,0,Dormant / Inactive Customers
16393.0,127,7,1573.03,224.71857142857144,1573.03,3,"High-Value, Frequent Customers"
16394.0,220,1,306.89,306.89,306.89,2,"Low-Spending, Occasional Customers"
16395.0,61,1,212.8,212.8,212.8,2,"Low-Spending, Occasional Customers"
16398.0,125,1,535.85,535.85,535.85,2,"Low-Spending, Occasional Customers"
16400.0,184,1,303.93,303.93,303.93,2,"Low-Spending, Occasional Customers"
16401.0,120,2,789.8299999999999,394.91499999999996,789.8299999999999,1,Regular / Developing Customers
16402.0,577,1,205.65,205.65,205.65,0,Dormant / Inactive Customers
16405.0,69,2,167.25,83.625,167.25,2,"Low-Spending, Occasional Customers"
16407.0,36,1,60.0,60.0,60.0,2,"Low-Spending, Occasional Customers"
16409.0,3,3,1370.66,456.8866666666667,1370.66,1,Regular / Developing Customers
16411.0,577,1,128.55,128.55,128.55,0,Dormant / Inactive Customers
16414.0,251,1,50.8,50.8,50.8,2,"Low-Spending, Occasional Customers"
16418.0,123,1,222.45000000000002,222.45000000000002,222.45000000000002,2,"Low-Spending, Occasional Customers"
16419.0,98,3,629.02,209.67333333333332,629.02,1,Regular / Developing Customers
16422.0,30,20,14663.57,733.1785,14663.57,3,"High-Value, Frequent Customers"
16424.0,338,1,133.56,133.56,133.56,0,Dormant / Inactive Customers
16425.0,69,1,302.7,302.7,302.7,2,"Low-Spending, Occasional Customers"
16426.0,123,8,1442.28,180.285,1442.28,3,"High-Value, Frequent Customers"
16431.0,66,1,288.68,288.68,288.68,2,"Low-Spending, Occasional Customers"
16432.0,183,1,287.4,287.4,287.4,2,"Low-Spending, Occasional Customers"
16433.0,29,1,184.26,184.26,184.26,2,"Low-Spending, Occasional Customers"
16434.0,60,3,598.15,199.38333333333333,598.15,1,Regular / Developing Customers
16438.0,242,2,264.72,132.36,264.72,2,"Low-Spending, Occasional Customers"
16440.0,60,4,2537.31,634.3275,2537.31,1,Regular / Developing Customers
16441.0,275,1,170.2,170.2,170.2,0,Dormant / Inactive Customers
16442.0,120,1,176.87,176.87,176.87,2,"Low-Spending, Occasional Customers"
16444.0,215,1,301.32,301.32,301.32,2,"Low-Spending, Occasional Customers"
16445.0,182,1,230.51,230.51,230.51,2,"Low-Spending, Occasional Customers"
16446.0,89,1,168469.6,168469.6,168469.6,3,"High-Value, Frequent Customers"
16449.0,251,1,416.69,416.69,416.69,2,"Low-Spending, Occasional Customers"
16454.0,183,1,5.9,5.9,5.9,2,"Low-Spending, Occasional Customers"
16455.0,153,4,1088.7,272.175,1088.7,1,Regular / Developing Customers
16456.0,191,3,1694.0900000000001,564.6966666666667,1694.0900000000001,1,Regular / Developing Customers
16457.0,219,1,208.36,208.36,208.36,2,"Low-Spending, Occasional Customers"
16458.0,1,8,1587.22,198.4025,1587.22,3,"High-Value, Frequent Customers"
16460.0,29,1,302.62,302.62,302.62,2,"Low-Spending, Occasional Customers"
16462.0,157,2,68.0,34.0,68.0,2,"Low-Spending, Occasional Customers"
16466.0,4,2,440.63,220.315,440.63,1,Regular / Developing Customers
16469.0,159,2,268.3,134.15,268.3,2,"Low-Spending, Occasional Customers"
16471.0,68,1,223.95000000000002,223.95000000000002,223.95000000000002,2,"Low-Spending, Occasional Customers"
16473.0,162,1,149.41,149.41,149.41,2,"Low-Spending, Occasional Customers"
16474.0,31,4,778.3000000000001,194.57500000000002,778.3000000000001,1,Regular / Developing Customers
16475.0,1,2,395.0,197.5,395.0,1,Regular / Developing Customers
16477.0,68,4,1311.65,327.9125,1311.65,1,Regular / Developing Customers
16478.0,183,2,235.9,117.95,235.9,2,"Low-Spending, Occasional Customers"
16484.0,307,1,285.7,285.7,285.7,0,Dormant / Inactive Customers
16488.0,182,1,144.23000000000002,144.23000000000002,144.23000000000002,2,"Low-Spending, Occasional Customers"
16495.0,129,3,648.26,216.08666666666667,648.26,1,Regular / Developing Customers
16496.0,332,1,414.48,414.48,414.48,0,Dormant / Inactive Customers
16497.0,70,1,279.3,279.3,279.3,2,"Low-Spending, Occasional Customers"
16498.0,337,1,9.75,9.75,9.75,0,Dormant / Inactive Customers
16499.0,424,1,218.10000000000002,218.10000000000002,218.10000000000002,0,Dormant / Inactive Customers
16500.0,212,3,138.06,46.02,138.06,2,"Low-Spending, Occasional Customers"
16503.0,96,1,251.6,251.6,251.6,2,"Low-Spending, Occasional Customers"
16505.0,121,1,777.6,777.6,777.6,2,"Low-Spending, Occasional Customers"
16510.0,666,1,248.1,248.1,248.1,0,Dormant / Inactive Customers
16513.0,212,2,211.8,105.9,211.8,2,"Low-Spending, Occasional Customers"
16515.0,3,4,1247.3600000000001,311.84000000000003,1247.3600000000001,1,Regular / Developing Customers
16516.0,90,1,101.69999999999999,101.69999999999999,101.69999999999999,2,"Low-Spending, Occasional Customers"
16517.0,160,1,162.7,162.7,162.7,2,"Low-Spending, Occasional Customers"
16518.0,91,1,293.62,293.62,293.62,2,"Low-Spending, Occasional Customers"
16519.0,454,1,103.7,103.7,103.7,0,Dormant / Inactive Customers
16520.0,187,2,749.41,374.705,749.41,1,Regular / Developing Customers
16523.0,31,8,3469.85,433.73125,3469.85,3,"High-Value, Frequent Customers"
16525.0,9,15,7795.37,519.6913333333333,7795.37,3,"High-Value, Frequent Customers"
16528.0,181,1,244.41,244.41,244.41,2,"Low-Spending, Occasional Customers"
16529.0,307,1,455.25,455.25,455.25,0,Dormant / Inactive Customers
16531.0,246,2,422.91,211.455,422.91,2,"Low-Spending, Occasional Customers"
16532.0,223,1,1910.4,1910.4,1910.4,1,Regular / Developing Customers
16533.0,303,1,364.22,364.22,364.22,0,Dormant / Inactive Customers
16535.0,242,1,593.75,593.75,593.75,2,"Low-Spending, Occasional Customers"
16539.0,151,3,1083.91,361.30333333333334,1083.91,1,Regular / Developing Customers
16546.0,666,1,299.40000000000003,299.40000000000003,299.40000000000003,0,Dormant / Inactive Customers
16549.0,31,5,1815.19,363.038,1815.19,3,"High-Value, Frequent Customers"
16550.0,157,2,942.08,471.04,942.08,1,Regular / Developing Customers
16551.0,162,3,922.12,307.37333333333333,922.12,1,Regular / Developing Customers
16552.0,36,2,379.73,189.865,379.73,1,Regular / Developing Customers
16553.0,68,3,1182.5,394.1666666666667,1182.5,1,Regular / Developing Customers
16554.0,9,2,314.11,157.055,314.11,2,"Low-Spending, Occasional Customers"
16555.0,243,1,133.91,133.91,133.91,2,"Low-Spending, Occasional Customers"
16556.0,128,2,1075.49,537.745,1075.49,1,Regular / Developing Customers
16558.0,37,9,3085.38,342.82,3085.38,3,"High-Value, Frequent Customers"
16561.0,30,2,511.12,255.56,511.12,1,Regular / Developing Customers
16565.0,424,1,173.7,173.7,173.7,0,Dormant / Inactive Customers
16567.0,162,1,557.5600000000001,557.5600000000001,557.5600000000001,2,"Low-Spending, Occasional Customers"
16569.0,181,1,124.2,124.2,124.2,2,"Low-Spending, Occasional Customers"
16570.0,152,3,1185.4,395.1333333333334,1185.4,1,Regular / Developing Customers
16571.0,282,1,436.68,436.68,436.68,0,Dormant / Inactive Customers
16572.0,33,3,1009.6,336.53333333333336,1009.6,1,Regular / Developing Customers
16581.0,65,1,105.84,105.84,105.84,2,"Low-Spending, Occasional Customers"
16583.0,697,1,233.45,233.45,233.45,0,Dormant / Inactive Customers
16586.0,220,1,463.95,463.95,463.95,2,"Low-Spending, Occasional Customers"
16589.0,337,1,117.68,117.68,117.68,0,Dormant / Inactive Customers
16591.0,303,1,213.5,213.5,213.5,0,Dormant / Inactive Customers
16592.0,90,6,1919.63,319.93833333333333,1919.63,3,"High-Value, Frequent Customers"
16593.0,279,1,185.9,185.9,185.9,0,Dormant / Inactive Customers
16595.0,91,1,360.16,360.16,360.16,2,"Low-Spending, Occasional Customers"
16596.0,485,1,120.65,120.65,120.65,0,Dormant / Inactive Customers
16597.0,212,1,90.04,90.04,90.04,2,"Low-Spending, Occasional Customers"
16600.0,212,2,366.18,183.09,366.18,2,"Low-Spending, Occasional Customers"
16602.0,274,1,528.08,528.08,528.08,0,Dormant / Inactive Customers
16603.0,92,1,296.62,296.62,296.62,2,"Low-Spending, Occasional Customers"
16607.0,0,5,842.48,168.496,842.48,1,Regular / Developing Customers
16609.0,3,3,1439.47,479.8233333333333,1439.47,1,Regular / Developing Customers
16610.0,249,1,75.66,75.66,75.66,2,"Low-Spending, Occasional Customers"
16611.0,187,1,129.49,129.49,129.49,2,"Low-Spending, Occasional Customers"
16612.0,2,4,1187.66,296.915,1187.66,1,Regular / Developing Customers
16614.0,65,1,506.19,506.19,506.19,2,"Low-Spending, Occasional Customers"
16616.0,217,1,210.10000000000002,210.10000000000002,210.10000000000002,2,"Low-Spending, Occasional Customers"
16618.0,121,1,1206.3,1206.3,1206.3,1,Regular / Developing Customers
16620.0,181,1,83.2,83.2,83.2,2,"Low-Spending, Occasional Customers"
16621.0,127,2,490.7,245.35,490.7,1,Regular / Developing Customers
16623.0,128,1,129.45,129.45,129.45,2,"Low-Spending, Occasional Customers"
16625.0,68,1,333.08,333.08,333.08,2,"Low-Spending, Occasional Customers"
16626.0,89,6,1618.74,269.79,1618.74,3,"High-Value, Frequent Customers"
16628.0,60,2,920.47,460.235,920.47,1,Regular / Developing Customers
16629.0,245,1,227.68,227.68,227.68,2,"Low-Spending, Occasional Customers"
16633.0,4,1,255.8,255.8,255.8,2,"Low-Spending, Occasional Customers"
16634.0,339,2,217.9,108.95,217.9,0,Dormant / Inactive Customers
16637.0,61,3,850.85,283.6166666666667,850.85,1,Regular / Developing Customers
16638.0,160,3,387.18,129.06,387.18,1,Regular / Developing Customers
16639.0,121,1,786.36,786.36,786.36,2,"Low-Spending, Occasional Customers"
16642.0,212,1,380.6,380.6,380.6,2,"Low-Spending, Occasional Customers"
16643.0,128,1,487.51,487.51,487.51,2,"Low-Spending, Occasional Customers"
16644.0,35,1,722.41,722.41,722.41,2,"Low-Spending, Occasional Customers"
16652.0,0,4,5277.22,1319.305,5277.22,3,"High-Value, Frequent Customers"
16654.0,218,2,262.8,131.4,262.8,2,"Low-Spending, Occasional Customers"
16655.0,9,3,1844.38,614.7933333333334,1844.38,1,Regular / Developing Customers
16656.0,3,7,3587.44,512.4914285714286,3587.44,3,"High-Value, Frequent Customers"
16658.0,546,1,123.24,123.24,123.24,0,Dormant / Inactive Customers
16659.0,279,1,39.12,39.12,39.12,0,Dormant / Inactive Customers
16665.0,363,1,135.39999999999998,135.39999999999998,135.39999999999998,0,Dormant / Inactive Customers
16667.0,303,1,366.78,366.78,366.78,0,Dormant / Inactive Customers
16668.0,65,2,145.98,72.99,145.98,2,"Low-Spending, Occasional Customers"
16670.0,39,4,2022.8600000000001,505.71500000000003,2022.8600000000001,1,Regular / Developing Customers
16671.0,29,2,309.39,154.695,309.39,2,"Low-Spending, Occasional Customers"
16672.0,6,9,3865.0,429.44444444444446,3865.0,3,"High-Value, Frequent Customers"
16674.0,304,1,115.1,115.1,115.1,0,Dormant / Inactive Customers
16676.0,66,3,1262.88,420.96000000000004,1262.88,1,Regular / Developing Customers
16678.0,2,7,2076.85,296.6928571428571,2076.85,3,"High-Value, Frequent Customers"
16679.0,485,1,129.75,129.75,129.75,0,Dormant / Inactive Customers
16682.0,123,4,921.08,230.27,921.08,1,Regular / Developing Customers
16684.0,212,7,36992.9,5284.7,36992.9,3,"High-Value, Frequent Customers"
16685.0,91,2,324.24,162.12,324.24,2,"Low-Spending, Occasional Customers"
16686.0,161,2,738.0699999999999,369.03499999999997,738.0699999999999,1,Regular / Developing Customers
16688.0,61,2,329.45,164.725,329.45,2,"Low-Spending, Occasional Customers"
16693.0,303,1,324.45,324.45,324.45,0,Dormant / Inactive Customers
16696.0,66,2,440.1,220.05,440.1,1,Regular / Developing Customers
16697.0,6,1,112.75,112.75,112.75,2,"Low-Spending, Occasional Customers"
16700.0,3,6,2121.41,353.5683333333333,2121.41,3,"High-Value, Frequent Customers"
16701.0,9,6,2646.31,441.0516666666667,2646.31,3,"High-Value, Frequent Customers"
16705.0,6,5,5733.45,1146.69,5733.45,3,"High-Value, Frequent Customers"
16706.0,302,2,239.82,119.91,239.82,0,Dormant / Inactive Customers
16709.0,128,2,1270.43,635.215,1270.43,1,Regular / Developing Customers
16710.0,66,3,817.79,272.59666666666664,817.79,1,Regular / Developing Customers
16711.0,69,2,680.2,340.1,680.2,1,Regular / Developing Customers
16712.0,35,5,1494.16,298.832,1494.16,3,"High-Value, Frequent Customers"
16713.0,6,5,2222.09,444.418,2222.09,3,"High-Value, Frequent Customers"
16714.0,219,1,15.0,15.0,15.0,2,"Low-Spending, Occasional Customers"
16716.0,342,1,734.4000000000001,734.4000000000001,734.4000000000001,0,Dormant / Inactive Customers
16717.0,152,3,1033.91,344.6366666666667,1033.91,1,Regular / Developing Customers
16718.0,577,1,606.0500000000001,606.0500000000001,606.0500000000001,0,Dormant / Inactive Customers
16719.0,223,2,583.18,291.59,583.18,1,Regular / Developing Customers
16722.0,95,6,2137.76,356.29333333333335,2137.76,3,"High-Value, Frequent Customers"
16723.0,92,1,165.0,165.0,165.0,2,"Low-Spending, Occasional Customers"
16725.0,69,4,443.57,110.8925,443.57,1,Regular / Developing Customers
16727.0,424,1,256.32,256.32,256.32,0,Dormant / Inactive Customers
16729.0,6,9,3040.51,337.83444444444444,3040.51,3,"High-Value, Frequent Customers"
16732.0,121,1,603.75,603.75,603.75,2,"Low-Spending, Occasional Customers"
16735.0,100,3,1503.59,501.19666666666666,1503.59,1,Regular / Developing Customers
16743.0,5,5,1416.1100000000001,283.22200000000004,1416.1100000000001,3,"High-Value, Frequent Customers"
16744.0,182,2,271.4,135.7,271.4,2,"Low-Spending, Occasional Customers"
16745.0,2,10,4010.88,401.088,4010.88,3,"High-Value, Frequent Customers"
16746.0,2,5,2164.87,432.974,2164.87,3,"High-Value, Frequent Customers"
16747.0,275,2,836.06,418.03,836.06,1,Regular / Developing Customers
16748.0,100,4,1249.2,312.3,1249.2,1,Regular / Developing Customers
16750.0,63,1,98.38,98.38,98.38,2,"Low-Spending, Occasional Customers"
16751.0,90,1,1764.72,1764.72,1764.72,1,Regular / Developing Customers
16752.0,666,1,207.5,207.5,207.5,0,Dormant / Inactive Customers
16753.0,0,1,223.92000000000002,223.92000000000002,223.92000000000002,2,"Low-Spending, Occasional Customers"
16754.0,666,1,2002.4,2002.4,2002.4,0,Dormant / Inactive Customers
16756.0,96,1,239.4,239.4,239.4,2,"Low-Spending, Occasional Customers"
16758.0,214,1,369.34000000000003,369.34000000000003,369.34000000000003,2,"Low-Spending, Occasional Customers"
16759.0,90,3,789.79,263.2633333333333,789.79,1,Regular / Developing Customers
16761.0,245,1,316.62,316.62,316.62,2,"Low-Spending, Occasional Customers"
16764.0,121,5,1225.23,245.046,1225.23,1,Regular / Developing Customers
16766.0,37,2,1145.6,572.8,1145.6,1,Regular / Developing Customers
16767.0,65,7,2158.58,308.36857142857144,2158.58,3,"High-Value, Frequent Customers"
16770.0,666,1,130.8,130.8,130.8,0,Dormant / Inactive Customers
16771.0,98,4,1796.05,449.0125,1796.05,1,Regular / Developing Customers
16774.0,275,1,119.32,119.32,119.32,0,Dormant / Inactive Customers
16775.0,93,3,453.23,151.07666666666668,453.23,1,Regular / Developing Customers
16776.0,61,1,371.54,371.54,371.54,2,"Low-Spending, Occasional Customers"
16778.0,68,1,93.18,93.18,93.18,2,"Low-Spending, Occasional Customers"
16779.0,9,12,5376.71,448.05916666666667,5376.71,3,"High-Value, Frequent Customers"
16781.0,666,1,311.25,311.25,311.25,0,Dormant / Inactive Customers
16782.0,160,4,769.6500000000001,192.41250000000002,769.6500000000001,1,Regular / Developing Customers
16788.0,124,1,299.92,299.92,299.92,2,"Low-Spending, Occasional Customers"
16789.0,332,1,80.8,80.8,80.8,0,Dormant / Inactive Customers
16790.0,29,5,1454.17,290.834,1454.17,3,"High-Value, Frequent Customers"
16791.0,39,6,1553.88,258.98,1553.88,3,"High-Value, Frequent Customers"
16792.0,310,2,110.38000000000001,55.190000000000005,110.38000000000001,0,Dormant / Inactive Customers
16794.0,4,3,442.21999999999997,147.40666666666667,442.21999999999997,1,Regular / Developing Customers
16795.0,454,1,414.88,414.88,414.88,0,Dormant / Inactive Customers
16796.0,31,1,305.62,305.62,305.62,2,"Low-Spending, Occasional Customers"
16801.0,37,1,751.9,751.9,751.9,1,Regular / Developing Customers
16803.0,214,1,332.3,332.3,332.3,2,"Low-Spending, Occasional Customers"
16806.0,280,1,169.13,169.13,169.13,0,Dormant / Inactive Customers
16807.0,127,1,280.6,280.6,280.6,2,"Low-Spending, Occasional Customers"
16808.0,68,2,288.42,144.21,288.42,2,"Low-Spending, Occasional Customers"
16809.0,91,1,149.68,149.68,149.68,2,"Low-Spending, Occasional Customers"
16811.0,212,1,232.3,232.3,232.3,2,"Low-Spending, Occasional Customers"
16813.0,245,3,376.57,125.52333333333333,376.57,1,Regular / Developing Customers
16814.0,6,7,1944.07,277.7242857142857,1944.07,3,"High-Value, Frequent Customers"
16817.0,37,7,1474.8500000000001,210.69285714285715,1474.8500000000001,3,"High-Value, Frequent Customers"
16818.0,95,4,1165.56,291.39,1165.56,1,Regular / Developing Customers
16820.0,215,1,497.61,497.61,497.61,2,"Low-Spending, Occasional Customers"
16825.0,157,2,775.1800000000001,387.59000000000003,775.1800000000001,1,Regular / Developing Customers
16828.0,154,1,15.0,15.0,15.0,2,"Low-Spending, Occasional Customers"
16829.0,186,1,197.22,197.22,197.22,2,"Low-Spending, Occasional Customers"
16830.0,333,1,325.91,325.91,325.91,0,Dormant / Inactive Customers
16832.0,126,2,121.4,60.7,121.4,2,"Low-Spending, Occasional Customers"
16833.0,100,2,744.72,372.36,744.72,1,Regular / Developing Customers
16835.0,277,2,180.85,90.425,180.85,0,Dormant / Inactive Customers
16837.0,30,6,2219.68,369.94666666666666,2219.68,3,"High-Value, Frequent Customers"
16839.0,1,16,8470.8,529.425,8470.8,3,"High-Value, Frequent Customers"
16841.0,66,3,934.56,311.52,934.56,1,Regular / Developing Customers
16842.0,69,2,866.95,433.475,866.95,1,Regular / Developing Customers
16843.0,6,5,2841.88,568.376,2841.88,3,"High-Value, Frequent Customers"
16849.0,187,1,124.57,124.57,124.57,2,"Low-Spending, Occasional Customers"
16850.0,70,1,332.41,332.41,332.41,2,"Low-Spending, Occasional Customers"
16851.0,212,1,102.99000000000001,102.99000000000001,102.99000000000001,2,"Low-Spending, Occasional Customers"
16858.0,546,1,375.69000000000005,375.69000000000005,375.69000000000005,0,Dormant / Inactive Customers
16861.0,30,2,173.76,86.88,173.76,2,"Low-Spending, Occasional Customers"
16863.0,121,2,502.8,251.4,502.8,1,Regular / Developing Customers
16866.0,64,2,153.95,76.975,153.95,2,"Low-Spending, Occasional Customers"
16871.0,31,1,329.44,329.44,329.44,2,"Low-Spending, Occasional Customers"
16872.0,126,1,388.36,388.36,388.36,2,"Low-Spending, Occasional Customers"
16873.0,91,5,6576.74,1315.348,6576.74,3,"High-Value, Frequent Customers"
16875.0,253,2,1326.13,663.065,1326.13,1,Regular / Developing Customers
16877.0,64,1,111.23,111.23,111.23,2,"Low-Spending, Occasional Customers"
16880.0,64,5,1340.25,268.05,1340.25,1,Regular / Developing Customers
16881.0,244,1,432.0,432.0,432.0,2,"Low-Spending, Occasional Customers"
16882.0,244,1,489.41999999999996,489.41999999999996,489.41999999999996,2,"Low-Spending, Occasional Customers"
16883.0,218,2,272.48,136.24,272.48,2,"Low-Spending, Occasional Customers"
16884.0,302,2,429.84000000000003,214.92000000000002,429.84000000000003,0,Dormant / Inactive Customers
16887.0,243,1,192.32999999999998,192.32999999999998,192.32999999999998,2,"Low-Spending, Occasional Customers"
16889.0,67,2,1228.61,614.305,1228.61,1,Regular / Developing Customers
16891.0,120,4,566.12,141.53,566.12,1,Regular / Developing Customers
16892.0,60,4,369.04,92.26,369.04,1,Regular / Developing Customers
16893.0,485,1,145.93,145.93,145.93,0,Dormant / Inactive Customers
16895.0,183,1,202.27,202.27,202.27,2,"Low-Spending, Occasional Customers"
16898.0,546,1,112.08,112.08,112.08,0,Dormant / Inactive Customers
16899.0,31,2,379.18,189.59,379.18,1,Regular / Developing Customers
16900.0,153,1,752.6800000000001,752.6800000000001,752.6800000000001,2,"Low-Spending, Occasional Customers"
16903.0,60,1,363.2,363.2,363.2,2,"Low-Spending, Occasional Customers"
16904.0,60,7,1570.81,224.40142857142857,1570.81,3,"High-Value, Frequent Customers"
16905.0,242,2,589.1,294.55,589.1,1,Regular / Developing Customers
16906.0,187,2,293.99,146.995,293.99,2,"Low-Spending, Occasional Customers"
16907.0,60,2,449.69,224.845,449.69,1,Regular / Developing Customers
16910.0,92,3,433.3,144.43333333333334,433.3,1,Regular / Developing Customers
16912.0,29,4,1017.0,254.25,1017.0,1,Regular / Developing Customers
16914.0,274,1,183.76,183.76,183.76,0,Dormant / Inactive Customers
16915.0,220,3,340.49,113.49666666666667,340.49,1,Regular / Developing Customers
16916.0,666,1,196.43,196.43,196.43,0,Dormant / Inactive Customers
16917.0,129,1,391.52,391.52,391.52,2,"Low-Spending, Occasional Customers"
16918.0,153,4,755.24,188.81,755.24,1,Regular / Developing Customers
16919.0,6,5,1010.08,202.01600000000002,1010.08,1,Regular / Developing Customers
16921.0,91,1,154.18,154.18,154.18,2,"Low-Spending, Occasional Customers"
16923.0,64,9,4035.95,448.43888888888887,4035.95,3,"High-Value, Frequent Customers"
16924.0,183,1,252.54,252.54,252.54,2,"Low-Spending, Occasional Customers"
16926.0,638,1,230.25,230.25,230.25,0,Dormant / Inactive Customers
16927.0,129,1,123.35,123.35,123.35,2,"Low-Spending, Occasional Customers"
16928.0,32,8,1074.3899999999999,134.29874999999998,1074.3899999999999,3,"High-Value, Frequent Customers"
16929.0,156,4,740.6,185.15,740.6,1,Regular / Developing Customers
16930.0,303,2,205.45000000000002,102.72500000000001,205.45000000000002,0,Dormant / Inactive Customers
16931.0,67,7,1383.65,197.66428571428574,1383.65,3,"High-Value, Frequent Customers"
16933.0,120,1,338.5,338.5,338.5,2,"Low-Spending, Occasional Customers"
16938.0,4,3,2701.9300000000003,900.6433333333334,2701.9300000000003,1,Regular / Developing Customers
16942.0,182,5,1006.39,201.278,1006.39,1,Regular / Developing Customers
16943.0,5,1,172.1,172.1,172.1,2,"Low-Spending, Occasional Customers"
16945.0,0,9,1939.8,215.53333333333333,1939.8,3,"High-Value, Frequent Customers"
16949.0,157,3,773.58,257.86,773.58,1,Regular / Developing Customers
16950.0,155,2,778.41,389.205,778.41,1,Regular / Developing Customers
16951.0,130,1,1053.79,1053.79,1053.79,1,Regular / Developing Customers
16953.0,90,1,20.8,20.8,20.8,2,"Low-Spending, Occasional Customers"
16954.0,61,4,910.2,227.55,910.2,1,Regular / Developing Customers
16955.0,126,4,518.67,129.6675,518.67,1,Regular / Developing Customers
16957.0,282,1,114.84,114.84,114.84,0,Dormant / Inactive Customers
16960.0,61,3,507.05,169.01666666666668,507.05,1,Regular / Developing Customers
16963.0,218,1,110.55000000000001,110.55000000000001,110.55000000000001,2,"Low-Spending, Occasional Customers"
16966.0,332,1,385.79999999999995,385.79999999999995,385.79999999999995,0,Dormant / Inactive Customers
16967.0,279,1,319.02,319.02,319.02,0,Dormant / Inactive Customers
16968.0,212,1,186.12,186.12,186.12,2,"Low-Spending, Occasional Customers"
16969.0,338,1,397.36,397.36,397.36,0,Dormant / Inactive Customers
16971.0,333,1,357.21,357.21,357.21,0,Dormant / Inactive Customers
16979.0,60,2,534.38,267.19,534.38,1,Regular / Developing Customers
16982.0,61,1,384.06,384.06,384.06,2,"Low-Spending, Occasional Customers"
16983.0,4,3,726.5,242.16666666666666,726.5,1,Regular / Developing Customers
16984.0,1,2,4459.52,2229.76,4459.52,1,Regular / Developing Customers
16985.0,1,4,1977.98,494.495,1977.98,1,Regular / Developing Customers
16986.0,60,2,1873.2,936.6,1873.2,1,Regular / Developing Customers
16987.0,181,1,223.68,223.68,223.68,2,"Low-Spending, Occasional Customers"
16988.0,242,1,126.12,126.12,126.12,2,"Low-Spending, Occasional Customers"
16989.0,3,4,1029.3,257.325,1029.3,1,Regular / Developing Customers
16990.0,219,1,179.0,179.0,179.0,2,"Low-Spending, Occasional Customers"
16992.0,274,2,728.71,364.355,728.71,1,Regular / Developing Customers
16996.0,63,3,1087.02,362.34,1087.02,1,Regular / Developing Customers
16997.0,283,1,78.0,78.0,78.0,0,Dormant / Inactive Customers
16998.0,130,1,90.0,90.0,90.0,2,"Low-Spending, Occasional Customers"
17001.0,89,4,1376.78,344.195,1376.78,1,Regular / Developing Customers
17002.0,127,1,480.46000000000004,480.46000000000004,480.46000000000004,2,"Low-Spending, Occasional Customers"
17004.0,123,1,905.6,905.6,905.6,1,Regular / Developing Customers
17006.0,121,2,355.91,177.955,355.91,2,"Low-Spending, Occasional Customers"
17007.0,96,2,250.66,125.33,250.66,2,"Low-Spending, Occasional Customers"
17011.0,90,1,270.9,270.9,270.9,2,"Low-Spending, Occasional Customers"
17014.0,152,3,583.4300000000001,194.4766666666667,583.4300000000001,1,Regular / Developing Customers
17015.0,29,2,793.13,396.565,793.13,1,Regular / Developing Customers
17017.0,151,5,2164.22,432.84399999999994,2164.22,3,"High-Value, Frequent Customers"
17019.0,546,1,358.82,358.82,358.82,0,Dormant / Inactive Customers
17022.0,121,1,71.0,71.0,71.0,2,"Low-Spending, Occasional Customers"
17024.0,217,2,56.25,28.125,56.25,2,"Low-Spending, Occasional Customers"
17025.0,61,3,357.77,119.25666666666666,357.77,1,Regular / Developing Customers
17026.0,157,2,154.82999999999998,77.41499999999999,154.82999999999998,2,"Low-Spending, Occasional Customers"
17027.0,341,1,13.2,13.2,13.2,0,Dormant / Inactive Customers
17030.0,153,1,146.87,146.87,146.87,2,"Low-Spending, Occasional Customers"
17031.0,125,1,225.95,225.95,225.95,2,"Low-Spending, Occasional Customers"
17033.0,96,1,300.29999999999995,300.29999999999995,300.29999999999995,2,"Low-Spending, Occasional Customers"
17035.0,128,2,433.53000000000003,216.76500000000001,433.53000000000003,1,Regular / Developing Customers
17038.0,90,1,112.4,112.4,112.4,2,"Low-Spending, Occasional Customers"
17042.0,63,4,814.4,203.6,814.4,1,Regular / Developing Customers
17043.0,152,1,641.36,641.36,641.36,2,"Low-Spending, Occasional Customers"
17045.0,186,2,148.35,74.175,148.35,2,"Low-Spending, Occasional Customers"
17046.0,217,1,642.02,642.02,642.02,2,"Low-Spending, Occasional Customers"
17048.0,9,2,760.4,380.2,760.4,1,Regular / Developing Customers
17049.0,96,5,2672.37,534.4739999999999,2672.37,3,"High-Value, Frequent Customers"
17050.0,190,4,2524.7,631.175,2524.7,1,Regular / Developing Customers
17052.0,29,1,399.09,399.09,399.09,2,"Low-Spending, Occasional Customers"
17053.0,336,1,498.48,498.48,498.48,0,Dormant / Inactive Customers
17054.0,29,2,463.08,231.54,463.08,1,Regular / Developing Customers
17059.0,60,2,1565.65,782.825,1565.65,1,Regular / Developing Customers
17061.0,219,1,484.12000000000006,484.12000000000006,484.12000000000006,2,"Low-Spending, Occasional Customers"
17062.0,454,2,289.39,144.695,289.39,0,Dormant / Inactive Customers
17064.0,0,2,711.5,355.75,711.5,1,Regular / Developing Customers
17068.0,183,6,1139.8,189.96666666666667,1139.8,1,Regular / Developing Customers
17069.0,29,5,1826.93,365.386,1826.93,3,"High-Value, Frequent Customers"
17071.0,1,5,1587.3500000000001,317.47,1587.3500000000001,3,"High-Value, Frequent Customers"
17076.0,37,3,841.0799999999999,280.35999999999996,841.0799999999999,1,Regular / Developing Customers
17078.0,274,2,378.2,189.1,378.2,0,Dormant / Inactive Customers
17082.0,182,1,1366.91,1366.91,1366.91,1,Regular / Developing Customers
17083.0,99,1,691.36,691.36,691.36,2,"Low-Spending, Occasional Customers"
17084.0,243,2,2747.9900000000002,1373.9950000000001,2747.9900000000002,1,Regular / Developing Customers
17085.0,124,3,1040.99,346.99666666666667,1040.99,1,Regular / Developing Customers
17086.0,90,4,1482.51,370.6275,1482.51,1,Regular / Developing Customers
17088.0,29,2,622.5600000000001,311.28000000000003,622.5600000000001,1,Regular / Developing Customers
17090.0,1,3,1023.2,341.06666666666666,1023.2,1,Regular / Developing Customers
17091.0,121,7,2727.4900000000002,389.6414285714286,2727.4900000000002,3,"High-Value, Frequent Customers"
17092.0,160,2,629.32,314.66,629.32,1,Regular / Developing Customers
17095.0,100,1,313.15,313.15,313.15,2,"Low-Spending, Occasional Customers"
17096.0,0,1,263.61,263.61,263.61,2,"Low-Spending, Occasional Customers"
17097.0,151,2,318.87,159.435,318.87,2,"Low-Spending, Occasional Customers"
17101.0,60,1,471.0,471.0,471.0,2,"Low-Spending, Occasional Customers"
17105.0,191,2,665.78,332.89,665.78,1,Regular / Developing Customers
17107.0,156,4,6209.12,1552.28,6209.12,3,"High-Value, Frequent Customers"
17109.0,60,3,307.53,102.50999999999999,307.53,1,Regular / Developing Customers
17114.0,100,4,469.97,117.4925,469.97,1,Regular / Developing Customers
17115.0,65,2,527.48,263.74,527.48,1,Regular / Developing Customers
17119.0,30,2,606.91,303.455,606.91,1,Regular / Developing Customers
17122.0,2,1,138.32,138.32,138.32,2,"Low-Spending, Occasional Customers"
17123.0,337,1,345.29999999999995,345.29999999999995,345.29999999999995,0,Dormant / Inactive Customers
17124.0,157,1,294.24,294.24,294.24,2,"Low-Spending, Occasional Customers"
17126.0,64,4,689.73,172.4325,689.73,1,Regular / Developing Customers
17128.0,100,1,157.09,157.09,157.09,2,"Low-Spending, Occasional Customers"
17131.0,182,2,1180.73,590.365,1180.73,1,Regular / Developing Customers
17133.0,159,3,2194.9700000000003,731.6566666666668,2194.9700000000003,1,Regular / Developing Customers
17135.0,302,3,400.0,133.33333333333334,400.0,0,Dormant / Inactive Customers
17138.0,98,1,380.5,380.5,380.5,2,"Low-Spending, Occasional Customers"
17139.0,1,5,4587.38,917.476,4587.38,3,"High-Value, Frequent Customers"
17140.0,189,1,454.12,454.12,454.12,2,"Low-Spending, Occasional Customers"
17144.0,120,1,388.68,388.68,388.68,2,"Low-Spending, Occasional Customers"
17147.0,342,1,409.5,409.5,409.5,0,Dormant / Inactive Customers
17157.0,301,1,157.54000000000002,157.54000000000002,157.54000000000002,0,Dormant / Inactive Customers
17158.0,152,1,568.42,568.42,568.42,2,"Low-Spending, Occasional Customers"
17160.0,6,3,1599.98,533.3266666666667,1599.98,1,Regular / Developing Customers
17162.0,29,9,1417.08,157.45333333333332,1417.08,3,"High-Value, Frequent Customers"
17164.0,33,6,1721.51,286.91833333333335,1721.51,3,"High-Value, Frequent Customers"
17166.0,333,1,78.75,78.75,78.75,0,Dormant / Inactive Customers
17169.0,95,1,308.68,308.68,308.68,2,"Low-Spending, Occasional Customers"
17173.0,0,3,1239.16,413.05333333333334,1239.16,1,Regular / Developing Customers
17174.0,188,1,59.9,59.9,59.9,2,"Low-Spending, Occasional Customers"
17175.0,4,1,302.62,302.62,302.62,2,"Low-Spending, Occasional Customers"
17180.0,6,2,307.36,153.68,307.36,2,"Low-Spending, Occasional Customers"
17181.0,697,1,155.52,155.52,155.52,0,Dormant / Inactive Customers
17183.0,152,2,1343.8400000000001,671.9200000000001,1343.8400000000001,1,Regular / Developing Customers
17186.0,61,1,72.0,72.0,72.0,2,"Low-Spending, Occasional Customers"
17188.0,60,3,1252.38,417.46000000000004,1252.38,1,Regular / Developing Customers
17190.0,0,1,249.74,249.74,249.74,2,"Low-Spending, Occasional Customers"
17191.0,29,7,2093.68,299.09714285714284,2093.68,3,"High-Value, Frequent Customers"
17193.0,0,3,190.96,63.653333333333336,190.96,2,"Low-Spending, Occasional Customers"
17194.0,37,1,10.0,10.0,10.0,2,"Low-Spending, Occasional Customers"
17197.0,60,1,1013.01,1013.01,1013.01,1,Regular / Developing Customers
17198.0,454,2,521.66,260.83,521.66,0,Dormant / Inactive Customers
17203.0,61,4,2260.81,565.2025,2260.81,1,Regular / Developing Customers
17204.0,6,1,461.25,461.25,461.25,2,"Low-Spending, Occasional Customers"
17211.0,4,3,808.47,269.49,808.47,1,Regular / Developing Customers
17213.0,485,1,312.90000000000003,312.90000000000003,312.90000000000003,0,Dormant / Inactive Customers
17214.0,61,3,488.07,162.69,488.07,1,Regular / Developing Customers
17218.0,31,6,1086.14,181.02333333333334,1086.14,3,"High-Value, Frequent Customers"
17219.0,121,1,114.23,114.23,114.23,2,"Low-Spending, Occasional Customers"
17220.0,186,6,1142.75,190.45833333333334,1142.75,1,Regular / Developing Customers
17221.0,274,2,334.48,167.24,334.48,0,Dormant / Inactive Customers
17222.0,214,1,328.65,328.65,328.65,2,"Low-Spending, Occasional Customers"
17223.0,311,2,416.89,208.445,416.89,0,Dormant / Inactive Customers
17226.0,252,1,393.49,393.49,393.49,2,"Low-Spending, Occasional Customers"
17227.0,61,2,249.36,124.68,249.36,2,"Low-Spending, Occasional Customers"
17228.0,153,4,911.64,227.91,911.64,1,Regular / Developing Customers
17229.0,245,1,161.05,161.05,161.05,2,"Low-Spending, Occasional Customers"
17230.0,311,1,675.0,675.0,675.0,0,Dormant / Inactive Customers
17231.0,127,4,1341.39,335.3475,1341.39,1,Regular / Developing Customers
17232.0,151,1,209.73,209.73,209.73,2,"Low-Spending, Occasional Customers"
17233.0,243,1,190.88,190.88,190.88,2,"Low-Spending, Occasional Customers"
17234.0,65,1,149.89000000000001,149.89000000000001,149.89000000000001,2,"Low-Spending, Occasional Customers"
17235.0,666,1,341.9,341.9,341.9,0,Dormant / Inactive Customers
17236.0,36,2,244.73000000000002,122.36500000000001,244.73000000000002,2,"Low-Spending, Occasional Customers"
17238.0,29,8,1955.9,244.4875,1955.9,3,"High-Value, Frequent Customers"
17242.0,4,1,709.44,709.44,709.44,1,Regular / Developing Customers
17243.0,29,13,4289.41,329.95461538461535,4289.41,3,"High-Value, Frequent Customers"
17248.0,32,1,318.65,318.65,318.65,2,"Low-Spending, Occasional Customers"
17250.0,181,1,219.32,219.32,219.32,2,"Low-Spending, Occasional Customers"
17251.0,363,1,269.83,269.83,269.83,0,Dormant / Inactive Customers
17252.0,187,1,337.01,337.01,337.01,2,"Low-Spending, Occasional Customers"
17254.0,212,1,102.13,102.13,102.13,2,"Low-Spending, Occasional Customers"
17259.0,546,1,367.95,367.95,367.95,0,Dormant / Inactive Customers
17262.0,485,1,268.86,268.86,268.86,0,Dormant / Inactive Customers
17265.0,4,1,377.84000000000003,377.84000000000003,377.84000000000003,2,"Low-Spending, Occasional Customers"
17266.0,151,2,183.52,91.76,183.52,2,"Low-Spending, Occasional Customers"
17267.0,246,2,317.2,158.6,317.2,2,"Low-Spending, Occasional Customers"
17268.0,3,3,311.48,103.82666666666667,311.48,1,Regular / Developing Customers
17274.0,243,1,107.82,107.82,107.82,2,"Low-Spending, Occasional Customers"
17278.0,6,1,246.04,246.04,246.04,2,"Low-Spending, Occasional Customers"
17282.0,336,1,687.0,687.0,687.0,0,Dormant / Inactive Customers
17284.0,32,3,1147.52,382.50666666666666,1147.52,1,Regular / Developing Customers
17287.0,340,3,367.94,122.64666666666666,367.94,0,Dormant / Inactive Customers
17288.0,340,1,127.30000000000001,127.30000000000001,127.30000000000001,0,Dormant / Inactive Customers
17289.0,4,3,931.02,310.34,931.02,1,Regular / Developing Customers
17290.0,181,1,164.18,164.18,164.18,2,"Low-Spending, Occasional Customers"
17291.0,252,1,550.8000000000001,550.8000000000001,550.8000000000001,2,"Low-Spending, Occasional Customers"
17293.0,0,7,1257.58,179.6542857142857,1257.58,3,"High-Value, Frequent Customers"
17295.0,29,3,547.0,182.33333333333334,547.0,1,Regular / Developing Customers
17298.0,155,1,107.63999999999999,107.63999999999999,107.63999999999999,2,"Low-Spending, Occasional Customers"
17299.0,31,1,297.36,297.36,297.36,2,"Low-Spending, Occasional Customers"
17302.0,93,3,876.8100000000001,292.27000000000004,876.8100000000001,1,Regular / Developing Customers
17306.0,129,5,2361.3,472.26000000000005,2361.3,3,"High-Value, Frequent Customers"
17309.0,215,1,82.75,82.75,82.75,2,"Low-Spending, Occasional Customers"
17312.0,156,2,399.5,199.75,399.5,2,"Low-Spending, Occasional Customers"
17313.0,121,1,2328.84,2328.84,2328.84,1,Regular / Developing Customers
17314.0,0,3,1348.75,449.5833333333333,1348.75,1,Regular / Developing Customers
17315.0,5,14,2397.43,171.24499999999998,2397.43,3,"High-Value, Frequent Customers"
17317.0,31,1,2027.94,2027.94,2027.94,1,Regular / Developing Customers
17320.0,546,1,450.92,450.92,450.92,0,Dormant / Inactive Customers
17321.0,275,2,657.16,328.58,657.16,0,Dormant / Inactive Customers
17323.0,91,3,412.71,137.57,412.71,1,Regular / Developing Customers
17324.0,9,2,702.23,351.115,702.23,1,Regular / Developing Customers
17325.0,251,1,96.8,96.8,96.8,2,"Low-Spending, Occasional Customers"
17330.0,275,1,264.9,264.9,264.9,0,Dormant / Inactive Customers
17331.0,124,1,175.2,175.2,175.2,2,"Low-Spending, Occasional Customers"
17334.0,69,2,307.02,153.51,307.02,2,"Low-Spending, Occasional Customers"
17337.0,5,4,1981.06,495.265,1981.06,1,Regular / Developing Customers
17338.0,9,2,1367.08,683.54,1367.08,1,Regular / Developing Customers
17339.0,184,2,243.36,121.68,243.36,2,"Low-Spending, Occasional Customers"
17340.0,32,6,9190.58,1531.7633333333333,9190.58,3,"High-Value, Frequent Customers"
17341.0,186,3,682.29,227.42999999999998,682.29,1,Regular / Developing Customers
17345.0,154,1,155.8,155.8,155.8,2,"Low-Spending, Occasional Customers"
17346.0,0,5,842.57,168.514,842.57,1,Regular / Developing Customers
17348.0,29,2,318.38,159.19,318.38,2,"Low-Spending, Occasional Customers"
17350.0,332,2,394.98,197.49,394.98,0,Dormant / Inactive Customers
17351.0,37,2,358.45,179.225,358.45,1,Regular / Developing Customers
17353.0,125,2,1740.0,870.0,1740.0,1,Regular / Developing Customers
17356.0,342,1,178.22,178.22,178.22,0,Dormant / Inactive Customers
17358.0,99,1,119.15,119.15,119.15,2,"Low-Spending, Occasional Customers"
17360.0,126,1,320.9,320.9,320.9,2,"Low-Spending, Occasional Customers"
17361.0,187,1,218.92,218.92,218.92,2,"Low-Spending, Occasional Customers"
17362.0,283,1,150.0,150.0,150.0,0,Dormant / Inactive Customers
17364.0,9,6,2645.79,440.965,2645.79,3,"High-Value, Frequent Customers"
17365.0,39,2,742.66,371.33,742.66,1,Regular / Developing Customers
17368.0,152,3,750.87,250.29,750.87,1,Regular / Developing Customers
17370.0,123,1,117.36,117.36,117.36,2,"Low-Spending, Occasional Customers"
17372.0,61,4,665.95,166.4875,665.95,1,Regular / Developing Customers
17374.0,219,2,495.77,247.885,495.77,1,Regular / Developing Customers
17376.0,342,1,105.85,105.85,105.85,0,Dormant / Inactive Customers
17377.0,31,10,2168.39,216.839,2168.39,3,"High-Value, Frequent Customers"
17381.0,2,22,17101.25,777.3295454545455,17101.25,3,"High-Value, Frequent Customers"
17382.0,214,1,65.4,65.4,65.4,2,"Low-Spending, Occasional Customers"
17383.0,212,1,193.39000000000001,193.39000000000001,193.39000000000001,2,"Low-Spending, Occasional Customers"
17384.0,249,1,227.65,227.65,227.65,2,"Low-Spending, Occasional Customers"
17386.0,301,3,1145.02,381.67333333333335,1145.02,1,Regular / Developing Customers
17387.0,182,1,309.14,309.14,309.14,2,"Low-Spending, Occasional Customers"
17388.0,5,1,381.6,381.6,381.6,2,"Low-Spending, Occasional Customers"
17389.0,9,16,20486.0,1280.375,20486.0,3,"High-Value, Frequent Customers"
17392.0,191,1,145.5,145.5,145.5,2,"Low-Spending, Occasional Customers"
17394.0,249,1,203.86999999999998,203.86999999999998,203.86999999999998,2,"Low-Spending, Occasional Customers"
17396.0,275,2,2431.5,1215.75,2431.5,1,Regular / Developing Customers
17400.0,216,1,791.22,791.22,791.22,2,"Low-Spending, Occasional Customers"
17402.0,90,5,1285.95,257.19,1285.95,1,Regular / Developing Customers
17403.0,274,1,263.92,263.92,263.92,0,Dormant / Inactive Customers
17404.0,5,6,6435.38,1072.5633333333333,6435.38,3,"High-Value, Frequent Customers"
17405.0,3,2,541.71,270.855,541.71,1,Regular / Developing Customers
17406.0,70,3,2184.42,728.14,2184.42,1,Regular / Developing Customers
17409.0,126,2,771.85,385.925,771.85,1,Regular / Developing Customers
17410.0,0,4,978.38,244.595,978.38,1,Regular / Developing Customers
17412.0,30,4,685.46,171.365,685.46,1,Regular / Developing Customers
17414.0,126,1,598.0,598.0,598.0,2,"Low-Spending, Occasional Customers"
17416.0,60,2,3129.32,1564.66,3129.32,1,Regular / Developing Customers
17419.0,129,6,1844.81,307.4683333333333,1844.81,3,"High-Value, Frequent Customers"
17420.0,697,1,130.85,130.85,130.85,0,Dormant / Inactive Customers
17422.0,4,3,1084.65,361.55,1084.65,1,Regular / Developing Customers
17423.0,188,1,449.42,449.42,449.42,2,"Low-Spending, Occasional Customers"
17425.0,61,1,688.97,688.97,688.97,2,"Low-Spending, Occasional Customers"
17426.0,92,4,2951.91,737.9775,2951.91,3,"High-Value, Frequent Customers"
17428.0,6,16,8641.94,540.12125,8641.94,3,"High-Value, Frequent Customers"
17429.0,157,3,524.9200000000001,174.97333333333336,524.9200000000001,1,Regular / Developing Customers
17430.0,152,2,265.76,132.88,265.76,2,"Low-Spending, Occasional Customers"
17432.0,302,1,175.89,175.89,175.89,0,Dormant / Inactive Customers
17433.0,1,1,303.15999999999997,303.15999999999997,303.15999999999997,2,"Low-Spending, Occasional Customers"
17434.0,151,2,635.08,317.54,635.08,1,Regular / Developing Customers
17436.0,120,1,93.89999999999999,93.89999999999999,93.89999999999999,2,"Low-Spending, Occasional Customers"
17440.0,186,3,186.42000000000002,62.14000000000001,186.42000000000002,2,"Low-Spending, Occasional Customers"
17442.0,63,4,1553.55,388.3875,1553.55,1,Regular / Developing Customers
17443.0,249,1,534.24,534.24,534.24,2,"Low-Spending, Occasional Customers"
17444.0,33,1,1217.64,1217.64,1217.64,1,Regular / Developing Customers
17446.0,311,1,68.10000000000001,68.10000000000001,68.10000000000001,0,Dormant / Inactive Customers
17449.0,151,3,937.24,312.41333333333336,937.24,1,Regular / Developing Customers
17450.0,3,11,35824.22,3256.747272727273,35824.22,3,"High-Value, Frequent Customers"
17451.0,120,1,294.18,294.18,294.18,2,"Low-Spending, Occasional Customers"
17453.0,183,1,341.99999999999994,341.99999999999994,341.99999999999994,2,"Low-Spending, Occasional Customers"
17456.0,454,1,249.86,249.86,249.86,0,Dormant / Inactive Customers
17457.0,216,4,1370.5,342.625,1370.5,1,Regular / Developing Customers
17459.0,61,1,300.39,300.39,300.39,2,"Low-Spending, Occasional Customers"
17460.0,184,3,230.15,76.71666666666667,230.15,2,"Low-Spending, Occasional Customers"
17461.0,60,1,382.56,382.56,382.56,2,"Low-Spending, Occasional Customers"
17462.0,61,1,212.28,212.28,212.28,2,"Low-Spending, Occasional Customers"
17464.0,247,1,289.96000000000004,289.96000000000004,289.96000000000004,2,"Low-Spending, Occasional Customers"
17469.0,217,1,440.71,440.71,440.71,2,"Low-Spending, Occasional Customers"
17470.0,188,4,816.47,204.1175,816.47,1,Regular / Developing Customers
17472.0,338,1,259.27,259.27,259.27,0,Dormant / Inactive Customers
17481.0,154,3,838.03,279.3433333333333,838.03,1,Regular / Developing Customers
17483.0,95,2,294.40000000000003,147.20000000000002,294.40000000000003,2,"Low-Spending, Occasional Customers"
17489.0,0,2,376.64,188.32,376.64,1,Regular / Developing Customers
17490.0,89,4,1077.82,269.455,1077.82,1,Regular / Developing Customers
17491.0,120,5,1723.93,344.786,1723.93,3,"High-Value, Frequent Customers"
17492.0,220,1,374.57,374.57,374.57,2,"Low-Spending, Occasional Customers"
17495.0,301,2,497.56,248.78,497.56,0,Dormant / Inactive Customers
17500.0,60,1,288.0,288.0,288.0,2,"Low-Spending, Occasional Customers"
17501.0,280,2,288.6,144.3,288.6,0,Dormant / Inactive Customers
17502.0,60,1,226.60000000000002,226.60000000000002,226.60000000000002,2,"Low-Spending, Occasional Customers"
17503.0,151,2,558.96,279.48,558.96,1,Regular / Developing Customers
17504.0,188,1,251.75,251.75,251.75,2,"Low-Spending, Occasional Customers"
17505.0,337,1,658.85,658.85,658.85,0,Dormant / Inactive Customers
17507.0,283,1,340.56,340.56,340.56,0,Dormant / Inactive Customers
17508.0,251,1,387.31,387.31,387.31,2,"Low-Spending, Occasional Customers"
17509.0,61,7,5200.5,742.9285714285714,5200.5,3,"High-Value, Frequent Customers"
17511.0,6,15,49108.16,3273.8773333333334,49108.16,3,"High-Value, Frequent Customers"
17512.0,29,5,1635.27,327.054,1635.27,3,"High-Value, Frequent Customers"
17514.0,277,1,208.65,208.65,208.65,0,Dormant / Inactive Customers
17515.0,121,1,67.65,67.65,67.65,2,"Low-Spending, Occasional Customers"
17516.0,2,2,281.02,140.51,281.02,2,"Low-Spending, Occasional Customers"
17517.0,252,1,153.94,153.94,153.94,2,"Low-Spending, Occasional Customers"
17519.0,546,1,335.3,335.3,335.3,0,Dormant / Inactive Customers
17521.0,60,2,563.65,281.825,563.65,1,Regular / Developing Customers
17522.0,95,3,845.02,281.67333333333335,845.02,1,Regular / Developing Customers
17526.0,212,2,549.9,274.95,549.9,1,Regular / Developing Customers
17527.0,219,1,292.11,292.11,292.11,2,"Low-Spending, Occasional Customers"
17528.0,0,3,1041.13,347.04333333333335,1041.13,1,Regular / Developing Customers
17530.0,120,2,515.67,257.835,515.67,1,Regular / Developing Customers
17531.0,307,1,296.7,296.7,296.7,0,Dormant / Inactive Customers
17535.0,251,1,164.4,164.4,164.4,2,"Low-Spending, Occasional Customers"
17537.0,60,2,887.67,443.835,887.67,1,Regular / Developing Customers
17550.0,67,1,156.22,156.22,156.22,2,"Low-Spending, Occasional Customers"
17552.0,61,3,315.02,105.00666666666666,315.02,1,Regular / Developing Customers
17553.0,305,1,1487.6,1487.6,1487.6,0,Dormant / Inactive Customers
17554.0,30,3,925.9,308.6333333333333,925.9,1,Regular / Developing Customers
17555.0,100,1,195.45,195.45,195.45,2,"Low-Spending, Occasional Customers"
17560.0,156,3,531.0,177.0,531.0,1,Regular / Developing Customers
17562.0,63,2,235.3,117.65,235.3,2,"Low-Spending, Occasional Customers"
17566.0,332,1,474.95,474.95,474.95,0,Dormant / Inactive Customers
17567.0,123,4,2061.73,515.4325,2061.73,1,Regular / Developing Customers
17569.0,39,1,344.14,344.14,344.14,2,"Low-Spending, Occasional Customers"
17571.0,160,1,75.6,75.6,75.6,2,"Low-Spending, Occasional Customers"
17572.0,335,2,114.60000000000001,57.300000000000004,114.60000000000001,0,Dormant / Inactive Customers
17573.0,60,2,373.1,186.55,373.1,1,Regular / Developing Customers
17574.0,36,1,185.65,185.65,185.65,2,"Low-Spending, Occasional Customers"
17576.0,3,9,1942.01,215.7788888888889,1942.01,3,"High-Value, Frequent Customers"
17578.0,219,1,143.45999999999998,143.45999999999998,143.45999999999998,2,"Low-Spending, Occasional Customers"
17579.0,212,1,178.04,178.04,178.04,2,"Low-Spending, Occasional Customers"
17580.0,340,1,47.7,47.7,47.7,0,Dormant / Inactive Customers
17581.0,66,17,5998.92,352.8776470588235,5998.92,3,"High-Value, Frequent Customers"
17584.0,246,2,1242.3,621.15,1242.3,1,Regular / Developing Customers
17585.0,223,1,417.81,417.81,417.81,2,"Low-Spending, Occasional Customers"
17589.0,33,3,1813.4,604.4666666666667,1813.4,1,Regular / Developing Customers
17590.0,151,1,320.93,320.93,320.93,2,"Low-Spending, Occasional Customers"
17591.0,93,2,597.9,298.95,597.9,1,Regular / Developing Customers
17593.0,92,2,1663.82,831.91,1663.82,1,Regular / Developing Customers
17595.0,302,1,155.8,155.8,155.8,0,Dormant / Inactive Customers
17596.0,153,4,1897.57,474.3925,1897.57,1,Regular / Developing Customers
17597.0,66,1,2044.3700000000001,2044.3700000000001,2044.3700000000001,1,Regular / Developing Customers
17602.0,151,2,1231.19,615.595,1231.19,1,Regular / Developing Customers
17604.0,188,1,173.12,173.12,173.12,2,"Low-Spending, Occasional Customers"
17608.0,182,2,191.99,95.995,191.99,2,"Low-Spending, Occasional Customers"
17609.0,69,1,107.65,107.65,107.65,2,"Low-Spending, Occasional Customers"
17611.0,36,7,1718.43,245.49,1718.43,3,"High-Value, Frequent Customers"
17612.0,96,2,704.36,352.18,704.36,1,Regular / Developing Customers
17613.0,161,2,826.5500000000001,413.27500000000003,826.5500000000001,1,Regular / Developing Customers
17615.0,336,2,211.05,105.525,211.05,0,Dormant / Inactive Customers
17616.0,516,1,326.4,326.4,326.4,0,Dormant / Inactive Customers
17618.0,220,3,930.28,310.0933333333333,930.28,1,Regular / Developing Customers
17620.0,30,1,81.44,81.44,81.44,2,"Low-Spending, Occasional Customers"
17623.0,152,1,527.0500000000001,527.0500000000001,527.0500000000001,2,"Low-Spending, Occasional Customers"
17624.0,219,1,400.3,400.3,400.3,2,"Low-Spending, Occasional Customers"
17629.0,32,5,1384.03,276.806,1384.03,3,"High-Value, Frequent Customers"
17631.0,120,1,111.83,111.83,111.83,2,"Low-Spending, Occasional Customers"
17633.0,32,2,653.23,326.615,653.23,1,Regular / Developing Customers
17634.0,35,7,2045.98,292.28285714285715,2045.98,3,"High-Value, Frequent Customers"
17637.0,121,1,208.11,208.11,208.11,2,"Low-Spending, Occasional Customers"
17639.0,129,1,108.5,108.5,108.5,2,"Low-Spending, Occasional Customers"
17642.0,2,1,316.99,316.99,316.99,2,"Low-Spending, Occasional Customers"
17643.0,697,1,101.55,101.55,101.55,0,Dormant / Inactive Customers
17644.0,32,4,1077.83,269.4575,1077.83,1,Regular / Developing Customers
17646.0,249,3,1008.39,336.13,1008.39,1,Regular / Developing Customers
17647.0,214,1,133.06,133.06,133.06,2,"Low-Spending, Occasional Customers"
17648.0,61,2,1273.98,636.99,1273.98,1,Regular / Developing Customers
17651.0,121,4,1661.78,415.445,1661.78,1,Regular / Developing Customers
17652.0,61,6,2247.65,374.60833333333335,2247.65,3,"High-Value, Frequent Customers"
17653.0,32,4,1207.56,301.89,1207.56,1,Regular / Developing Customers
17654.0,160,1,117.55,117.55,117.55,2,"Low-Spending, Occasional Customers"
17655.0,130,2,990.0,495.0,990.0,1,Regular / Developing Customers
17656.0,1,2,473.98,236.99,473.98,1,Regular / Developing Customers
17658.0,5,1,317.59999999999997,317.59999999999997,317.59999999999997,2,"Low-Spending, Occasional Customers"
17659.0,30,4,932.6800000000001,233.17000000000002,932.6800000000001,1,Regular / Developing Customers
17663.0,125,2,437.19,218.595,437.19,1,Regular / Developing Customers
17664.0,35,1,326.19,326.19,326.19,2,"Low-Spending, Occasional Customers"
17666.0,181,2,728.16,364.08,728.16,1,Regular / Developing Customers
17667.0,5,4,1127.46,281.865,1127.46,1,Regular / Developing Customers
17668.0,120,2,347.75,173.875,347.75,2,"Low-Spending, Occasional Customers"
17669.0,93,2,844.0,422.0,844.0,1,Regular / Developing Customers
17671.0,5,3,1098.55,366.18333333333334,1098.55,1,Regular / Developing Customers
17672.0,283,1,1177.8400000000001,1177.8400000000001,1177.8400000000001,0,Dormant / Inactive Customers
17673.0,120,3,706.54,235.51333333333332,706.54,1,Regular / Developing Customers
17674.0,546,1,300.66,300.66,300.66,0,Dormant / Inactive Customers
17675.0,3,14,7928.51,566.3221428571429,7928.51,3,"High-Value, Frequent Customers"
17676.0,0,5,1140.2,228.04000000000002,1140.2,1,Regular / Developing Customers
17677.0,29,12,6806.4400000000005,567.2033333333334,6806.4400000000005,3,"High-Value, Frequent Customers"
17682.0,189,2,757.29,378.645,757.29,1,Regular / Developing Customers
17685.0,1,3,2064.93,688.31,2064.93,1,Regular / Developing Customers
17686.0,32,3,3774.58,1258.1933333333334,3774.58,1,Regular / Developing Customers
17690.0,90,10,2836.81,283.681,2836.81,3,"High-Value, Frequent Customers"
17691.0,546,1,142.5,142.5,142.5,0,Dormant / Inactive Customers
17692.0,161,2,228.18,114.09,228.18,2,"Low-Spending, Occasional Customers"
17696.0,156,6,1607.81,267.9683333333333,1607.81,3,"High-Value, Frequent Customers"
17700.0,66,3,1681.83,560.61,1681.83,1,Regular / Developing Customers
17701.0,340,1,417.95,417.95,417.95,0,Dormant / Inactive Customers
17702.0,90,1,485.6,485.6,485.6,2,"Low-Spending, Occasional Customers"
17703.0,243,1,307.78,307.78,307.78,2,"Low-Spending, Occasional Customers"
17705.0,38,5,1042.4,208.48000000000002,1042.4,1,Regular / Developing Customers
17706.0,61,9,3453.82,383.7577777777778,3453.82,3,"High-Value, Frequent Customers"
17707.0,157,2,152.4,76.2,152.4,2,"Low-Spending, Occasional Customers"
17708.0,218,1,156.48,156.48,156.48,2,"Low-Spending, Occasional Customers"
17716.0,60,6,2643.56,440.5933333333333,2643.56,3,"High-Value, Frequent Customers"
17719.0,1,6,2266.92,377.82,2266.92,3,"High-Value, Frequent Customers"
17720.0,516,1,102.0,102.0,102.0,0,Dormant / Inactive Customers
17722.0,245,3,1590.6,530.1999999999999,1590.6,1,Regular / Developing Customers
17723.0,96,4,2199.3,549.825,2199.3,1,Regular / Developing Customers
17725.0,250,1,313.28999999999996,313.28999999999996,313.28999999999996,2,"Low-Spending, Occasional Customers"
17728.0,181,2,2530.98,1265.49,2530.98,1,Regular / Developing Customers
17730.0,29,5,2352.36,470.47200000000004,2352.36,3,"High-Value, Frequent Customers"
17731.0,95,3,963.74,321.24666666666667,963.74,1,Regular / Developing Customers
17732.0,666,1,303.97,303.97,303.97,0,Dormant / Inactive Customers
17733.0,333,1,475.24,475.24,475.24,0,Dormant / Inactive Customers
17735.0,125,11,7296.29,663.2990909090909,7296.29,3,"High-Value, Frequent Customers"
17737.0,0,1,87.39,87.39,87.39,2,"Low-Spending, Occasional Customers"
17738.0,310,1,779.92,779.92,779.92,0,Dormant / Inactive Customers
17739.0,70,3,1111.67,370.5566666666667,1111.67,1,Regular / Developing Customers
17742.0,39,1,302.57,302.57,302.57,2,"Low-Spending, Occasional Customers"
17744.0,181,2,1010.9399999999999,505.46999999999997,1010.9399999999999,1,Regular / Developing Customers
17750.0,242,3,426.02,142.00666666666666,426.02,1,Regular / Developing Customers
17754.0,89,3,1089.59,363.19666666666666,1089.59,1,Regular / Developing Customers
17757.0,64,14,2281.51,162.965,2281.51,3,"High-Value, Frequent Customers"
17758.0,64,2,965.1600000000001,482.58000000000004,965.1600000000001,1,Regular / Developing Customers
17760.0,697,1,172.54,172.54,172.54,0,Dormant / Inactive Customers
17761.0,152,1,712.78,712.78,712.78,2,"Low-Spending, Occasional Customers"
17764.0,5,1,230.67000000000002,230.67000000000002,230.67000000000002,2,"Low-Spending, Occasional Customers"
17765.0,247,1,109.33,109.33,109.33,2,"Low-Spending, Occasional Customers"
17768.0,182,2,1696.0700000000002,848.0350000000001,1696.0700000000002,1,Regular / Developing Customers
17769.0,30,3,1421.99,473.99666666666667,1421.99,1,Regular / Developing Customers
17770.0,35,3,967.07,322.3566666666667,967.07,1,Regular / Developing Customers
17774.0,161,3,830.53,276.8433333333333,830.53,1,Regular / Developing Customers
17781.0,278,1,86.02,86.02,86.02,0,Dormant / Inactive Customers
17783.0,189,1,112.41,112.41,112.41,2,"Low-Spending, Occasional Customers"
17787.0,64,3,1335.28,445.0933333333333,1335.28,1,Regular / Developing Customers
17788.0,305,1,16.7,16.7,16.7,0,Dormant / Inactive Customers
17789.0,282,1,225.9,225.9,225.9,0,Dormant / Inactive Customers
17790.0,3,7,998.29,142.61285714285714,998.29,3,"High-Value, Frequent Customers"
17791.0,60,1,106.1,106.1,106.1,2,"Low-Spending, Occasional Customers"
17796.0,100,2,389.0,194.5,389.0,2,"Low-Spending, Occasional Customers"
17797.0,65,1,272.41,272.41,272.41,2,"Low-Spending, Occasional Customers"
17799.0,36,2,498.42,249.21,498.42,1,Regular / Developing Customers
17800.0,37,7,862.3,123.18571428571428,862.3,3,"High-Value, Frequent Customers"
17802.0,4,2,632.4200000000001,316.21000000000004,632.4200000000001,1,Regular / Developing Customers
17809.0,38,8,3049.9100000000003,381.23875000000004,3049.9100000000003,3,"High-Value, Frequent Customers"
17811.0,1,19,2856.79,150.35736842105263,2856.79,3,"High-Value, Frequent Customers"
17812.0,333,2,236.76999999999998,118.38499999999999,236.76999999999998,0,Dormant / Inactive Customers
17813.0,183,2,1186.5,593.25,1186.5,1,Regular / Developing Customers
17816.0,214,3,31.46,10.486666666666666,31.46,2,"Low-Spending, Occasional Customers"
17817.0,160,3,387.68,129.22666666666666,387.68,1,Regular / Developing Customers
17819.0,65,3,1579.57,526.5233333333333,1579.57,1,Regular / Developing Customers
17827.0,36,5,1987.33,397.466,1987.33,3,"High-Value, Frequent Customers"
17828.0,126,1,833.16,833.16,833.16,2,"Low-Spending, Occasional Customers"
17830.0,120,1,111.05,111.05,111.05,2,"Low-Spending, Occasional Customers"
17831.0,182,1,35.400000000000006,35.400000000000006,35.400000000000006,2,"Low-Spending, Occasional Customers"
17835.0,151,1,114.14,114.14,114.14,2,"Low-Spending, Occasional Customers"
17837.0,30,3,540.55,180.1833333333333,540.55,1,Regular / Developing Customers
17838.0,31,3,1515.26,505.08666666666664,1515.26,1,Regular / Developing Customers
17841.0,0,53,17142.19,323.4375471698113,17142.19,3,"High-Value, Frequent Customers"
17843.0,99,1,205.48,205.48,205.48,2,"Low-Spending, Occasional Customers"
17848.0,250,3,367.53,122.50999999999999,367.53,1,Regular / Developing Customers
17849.0,70,3,454.35,151.45000000000002,454.35,1,Regular / Developing Customers
17850.0,666,34,5391.21,158.565,5391.21,3,"High-Value, Frequent Customers"
17854.0,157,1,199.5,199.5,199.5,2,"Low-Spending, Occasional Customers"
17855.0,666,1,208.97,208.97,208.97,0,Dormant / Inactive Customers
17856.0,120,2,758.21,379.105,758.21,1,Regular / Developing Customers
17857.0,32,11,14867.68,1351.6072727272729,14867.68,3,"High-Value, Frequent Customers"
17858.0,2,4,1646.67,411.6675,1646.67,1,Regular / Developing Customers
17859.0,130,1,141.92000000000002,141.92000000000002,141.92000000000002,2,"Low-Spending, Occasional Customers"
17860.0,546,1,226.45000000000002,226.45000000000002,226.45000000000002,0,Dormant / Inactive Customers
17861.0,60,4,1258.37,314.5925,1258.37,1,Regular / Developing Customers
17863.0,30,3,1923.4,641.1333333333333,1923.4,1,Regular / Developing Customers
17864.0,31,2,438.07,219.035,438.07,1,Regular / Developing Customers
17865.0,1,5,3406.9700000000003,681.394,3406.9700000000003,3,"High-Value, Frequent Customers"
17867.0,90,2,200.39000000000001,100.19500000000001,200.39000000000001,2,"Low-Spending, Occasional Customers"
17869.0,127,3,310.96,103.65333333333332,310.96,1,Regular / Developing Customers
17870.0,92,5,965.12,193.024,965.12,1,Regular / Developing Customers
17873.0,126,3,1086.8700000000001,362.29,1086.8700000000001,1,Regular / Developing Customers
17874.0,157,1,122.76,122.76,122.76,2,"Low-Spending, Occasional Customers"
17880.0,424,1,458.92,458.92,458.92,0,Dormant / Inactive Customers
17881.0,130,1,133.35000000000002,133.35000000000002,133.35000000000002,2,"Low-Spending, Occasional Customers"
17883.0,159,2,300.54,150.27,300.54,2,"Low-Spending, Occasional Customers"
17884.0,181,4,695.0699999999999,173.76749999999998,695.0699999999999,1,Regular / Developing Customers
17886.0,121,2,711.51,355.755,711.51,1,Regular / Developing Customers
17887.0,305,1,111.35,111.35,111.35,0,Dormant / Inactive Customers
17888.0,30,4,473.32,118.33,473.32,1,Regular / Developing Customers
17889.0,35,1,102.02,102.02,102.02,2,"Low-Spending, Occasional Customers"
17892.0,156,1,142.1,142.1,142.1,2,"Low-Spending, Occasional Customers"
17894.0,245,2,235.67000000000002,117.83500000000001,235.67000000000002,2,"Low-Spending, Occasional Customers"
17897.0,516,2,410.67,205.335,410.67,0,Dormant / Inactive Customers
17899.0,278,1,154.55,154.55,154.55,0,Dormant / Inactive Customers
17900.0,307,2,112.19999999999999,56.099999999999994,112.19999999999999,0,Dormant / Inactive Customers
17901.0,60,1,110.38,110.38,110.38,2,"Low-Spending, Occasional Customers"
17905.0,186,2,425.34000000000003,212.67000000000002,425.34000000000003,2,"Low-Spending, Occasional Customers"
17906.0,189,1,72.9,72.9,72.9,2,"Low-Spending, Occasional Customers"
17908.0,697,1,232.03,232.03,232.03,0,Dormant / Inactive Customers
17912.0,311,3,125.8,41.93333333333333,125.8,0,Dormant / Inactive Customers
17913.0,0,1,190.6,190.6,190.6,2,"Low-Spending, Occasional Customers"
17914.0,181,1,329.36,329.36,329.36,2,"Low-Spending, Occasional Customers"
17917.0,363,1,107.16,107.16,107.16,0,Dormant / Inactive Customers
17919.0,1,1,1304.04,1304.04,1304.04,1,Regular / Developing Customers
17920.0,182,6,1784.57,297.42833333333334,1784.57,3,"High-Value, Frequent Customers"
17921.0,183,1,224.76,224.76,224.76,2,"Low-Spending, Occasional Customers"
17923.0,310,1,207.50000000000003,207.50000000000003,207.50000000000003,0,Dormant / Inactive Customers
17924.0,38,3,2076.7200000000003,692.2400000000001,2076.7200000000003,1,Regular / Developing Customers
17925.0,666,1,244.08,244.08,244.08,0,Dormant / Inactive Customers
17928.0,159,1,78.25999999999999,78.25999999999999,78.25999999999999,2,"Low-Spending, Occasional Customers"
17929.0,252,1,196.20000000000002,196.20000000000002,196.20000000000002,2,"Low-Spending, Occasional Customers"
17930.0,183,2,749.88,374.94,749.88,1,Regular / Developing Customers
17932.0,5,2,986.07,493.035,986.07,1,Regular / Developing Customers
17934.0,0,1,638.45,638.45,638.45,2,"Low-Spending, Occasional Customers"
17936.0,242,1,380.13,380.13,380.13,2,"Low-Spending, Occasional Customers"
17937.0,121,3,2080.26,693.4200000000001,2080.26,1,Regular / Developing Customers
17939.0,278,1,99.14,99.14,99.14,0,Dormant / Inactive Customers
17940.0,69,6,3537.54,589.59,3537.54,3,"High-Value, Frequent Customers"
17941.0,336,1,304.56,304.56,304.56,0,Dormant / Inactive Customers
17942.0,301,1,77.50000000000001,77.50000000000001,77.50000000000001,0,Dormant / Inactive Customers
17947.0,302,1,176.68,176.68,176.68,0,Dormant / Inactive Customers
17949.0,3,21,14169.32,674.7295238095238,14169.32,3,"High-Value, Frequent Customers"
17950.0,454,2,263.17,131.585,263.17,0,Dormant / Inactive Customers
17951.0,697,1,295.5,295.5,295.5,0,Dormant / Inactive Customers
17954.0,124,6,1132.15,188.6916666666667,1132.15,3,"High-Value, Frequent Customers"
17955.0,219,3,394.1,131.36666666666667,394.1,1,Regular / Developing Customers
17956.0,250,1,12.75,12.75,12.75,2,"Low-Spending, Occasional Customers"
17957.0,244,1,111.68,111.68,111.68,2,"Low-Spending, Occasional Customers"
17961.0,1,13,299.25,23.01923076923077,299.25,3,"High-Value, Frequent Customers"
17964.0,121,2,463.21,231.605,463.21,1,Regular / Developing Customers
17965.0,9,10,1912.71,191.27100000000002,1912.71,3,"High-Value, Frequent Customers"
17966.0,33,4,951.43,237.8575,951.43,1,Regular / Developing Customers
17967.0,638,1,112.27,112.27,112.27,0,Dormant / Inactive Customers
17968.0,697,1,265.1,265.1,265.1,0,Dormant / Inactive Customers
17970.0,5,1,562.79,562.79,562.79,2,"Low-Spending, Occasional Customers"
17972.0,6,1,135.19,135.19,135.19,2,"Low-Spending, Occasional Customers"
17974.0,249,1,164.07,164.07,164.07,2,"Low-Spending, Occasional Customers"
17975.0,153,5,1601.01,320.202,1601.01,1,Regular / Developing Customers
17976.0,666,1,321.79,321.79,321.79,0,Dormant / Inactive Customers
17977.0,60,1,288.14,288.14,288.14,2,"Low-Spending, Occasional Customers"
17978.0,454,1,300.91999999999996,300.91999999999996,300.91999999999996,0,Dormant / Inactive Customers
17979.0,243,1,237.87,237.87,237.87,2,"Low-Spending, Occasional Customers"
17987.0,157,1,198.57,198.57,198.57,2,"Low-Spending, Occasional Customers"
17988.0,337,1,13.370000000000001,13.370000000000001,13.370000000000001,0,Dormant / Inactive Customers
17994.0,37,3,369.59,123.19666666666666,369.59,1,Regular / Developing Customers
17995.0,282,1,76.1,76.1,76.1,0,Dormant / Inactive Customers
17997.0,64,4,1266.1399999999999,316.53499999999997,1266.1399999999999,1,Regular / Developing Customers
17999.0,302,2,380.39,190.195,380.39,0,Dormant / Inactive Customers
18004.0,363,1,157.92,157.92,157.92,0,Dormant / Inactive Customers
18005.0,181,1,94.4,94.4,94.4,2,"Low-Spending, Occasional Customers"
18008.0,36,1,162.5,162.5,162.5,2,"Low-Spending, Occasional Customers"
18011.0,697,1,102.78999999999999,102.78999999999999,102.78999999999999,0,Dormant / Inactive Customers
18013.0,156,2,187.29,93.645,187.29,2,"Low-Spending, Occasional Customers"
18014.0,29,1,162.22,162.22,162.22,2,"Low-Spending, Occasional Customers"
18015.0,212,1,120.03,120.03,120.03,2,"Low-Spending, Occasional Customers"
18016.0,152,3,690.91,230.3033333333333,690.91,1,Regular / Developing Customers
18017.0,311,1,165.0,165.0,165.0,0,Dormant / Inactive Customers
18022.0,243,1,612.72,612.72,612.72,2,"Low-Spending, Occasional Customers"
18024.0,64,2,389.78,194.89,389.78,1,Regular / Developing Customers
18027.0,304,1,115.31,115.31,115.31,0,Dormant / Inactive Customers
18030.0,212,1,109.55,109.55,109.55,2,"Low-Spending, Occasional Customers"
18032.0,100,1,73.5,73.5,73.5,2,"Low-Spending, Occasional Customers"
18033.0,214,1,93.82000000000001,93.82000000000001,93.82000000000001,2,"Low-Spending, Occasional Customers"
18035.0,243,1,235.35999999999999,235.35999999999999,235.35999999999999,2,"Low-Spending, Occasional Customers"
18036.0,128,2,259.38,129.69,259.38,2,"Low-Spending, Occasional Customers"
18037.0,125,2,40.5,20.25,40.5,2,"Low-Spending, Occasional Customers"
18040.0,128,1,239.0,239.0,239.0,2,"Low-Spending, Occasional Customers"
18041.0,66,11,1962.82,178.43818181818182,1962.82,3,"High-Value, Frequent Customers"
18043.0,485,1,287.91,287.91,287.91,0,Dormant / Inactive Customers
18044.0,212,4,747.37,186.8425,747.37,1,Regular / Developing Customers
18055.0,277,5,2511.4900000000002,502.29800000000006,2511.4900000000002,3,"High-Value, Frequent Customers"
18059.0,275,1,124.08,124.08,124.08,0,Dormant / Inactive Customers
18061.0,33,5,1213.91,242.782,1213.91,1,Regular / Developing Customers
18062.0,192,2,485.92,242.96,485.92,1,Regular / Developing Customers
18065.0,95,10,1450.76,145.076,1450.76,3,"High-Value, Frequent Customers"
18069.0,1,2,1087.16,543.58,1087.16,1,Regular / Developing Customers
18071.0,454,1,258.95,258.95,258.95,0,Dormant / Inactive Customers
18072.0,157,1,247.44,247.44,247.44,2,"Low-Spending, Occasional Customers"
18073.0,156,4,1470.18,367.545,1470.18,1,Regular / Developing Customers
18074.0,697,1,489.6,489.6,489.6,0,Dormant / Inactive Customers
18075.0,30,3,635.49,211.83,635.49,1,Regular / Developing Customers
18077.0,32,4,1021.21,255.3025,1021.21,1,Regular / Developing Customers
18078.0,188,1,138.19,138.19,138.19,2,"Low-Spending, Occasional Customers"
18079.0,216,1,593.35,593.35,593.35,2,"Low-Spending, Occasional Customers"
18080.0,36,1,841.4999999999999,841.4999999999999,841.4999999999999,1,Regular / Developing Customers
18081.0,274,1,135.4,135.4,135.4,0,Dormant / Inactive Customers
18085.0,697,1,303.9,303.9,303.9,0,Dormant / Inactive Customers
18086.0,68,1,101.34,101.34,101.34,2,"Low-Spending, Occasional Customers"
18087.0,304,1,852.8,852.8,852.8,0,Dormant / Inactive Customers
18088.0,91,1,166.03,166.03,166.03,2,"Low-Spending, Occasional Customers"
18092.0,2,6,5253.7,875.6166666666667,5253.7,3,"High-Value, Frequent Customers"
18093.0,32,3,1841.92,613.9733333333334,1841.92,1,Regular / Developing Customers
18094.0,219,1,633.0,633.0,633.0,2,"Low-Spending, Occasional Customers"
18095.0,39,1,374.75,374.75,374.75,2,"Low-Spending, Occasional Customers"
18096.0,153,1,142.71,142.71,142.71,2,"Low-Spending, Occasional Customers"
18097.0,216,4,1680.5,420.125,1680.5,1,Regular / Developing Customers
18099.0,246,1,168.31,168.31,168.31,2,"Low-Spending, Occasional Customers"
18102.0,89,29,135953.04,4688.035862068966,135953.04,3,"High-Value, Frequent Customers"
18104.0,302,1,754.64,754.64,754.64,0,Dormant / Inactive Customers
18105.0,302,1,113.48000000000002,113.48000000000002,113.48000000000002,0,Dormant / Inactive Customers
18109.0,4,15,4565.95,304.39666666666665,4565.95,3,"High-Value, Frequent Customers"
18113.0,546,1,76.32000000000001,76.32000000000001,76.32000000000001,0,Dormant / Inactive Customers
18116.0,275,3,500.93,166.97666666666666,500.93,1,Regular / Developing Customers
18118.0,29,12,2366.25,197.1875,2366.25,3,"High-Value, Frequent Customers"
18119.0,516,1,180.7,180.7,180.7,0,Dormant / Inactive Customers
18120.0,96,1,111.15,111.15,111.15,2,"Low-Spending, Occasional Customers"
18121.0,125,1,630.05,630.05,630.05,2,"Low-Spending, Occasional Customers"
18122.0,3,3,742.02,247.34,742.02,1,Regular / Developing Customers
18123.0,121,1,308.47999999999996,308.47999999999996,308.47999999999996,2,"Low-Spending, Occasional Customers"
18125.0,60,1,197.85,197.85,197.85,2,"Low-Spending, Occasional Customers"
18126.0,61,1,200.92000000000002,200.92000000000002,200.92000000000002,2,"Low-Spending, Occasional Customers"
18129.0,67,1,112.55000000000001,112.55000000000001,112.55000000000001,2,"Low-Spending, Occasional Customers"
18130.0,29,1,455.90999999999997,455.90999999999997,455.90999999999997,2,"Low-Spending, Occasional Customers"
18133.0,35,1,931.4999999999999,931.4999999999999,931.4999999999999,1,Regular / Developing Customers
18135.0,60,4,558.26,139.565,558.26,1,Regular / Developing Customers
18136.0,5,2,495.34000000000003,247.67000000000002,495.34000000000003,1,Regular / Developing Customers
18142.0,127,2,1019.52,509.76,1019.52,1,Regular / Developing Customers
18144.0,35,5,1202.85,240.57,1202.85,1,Regular / Developing Customers
18146.0,280,1,76.65,76.65,76.65,0,Dormant / Inactive Customers
18149.0,37,2,549.68,274.84,549.68,1,Regular / Developing Customers
18150.0,152,1,153.3,153.3,153.3,2,"Low-Spending, Occasional Customers"
18154.0,181,1,178.7,178.7,178.7,2,"Low-Spending, Occasional Customers"
18156.0,577,1,186.88,186.88,186.88,0,Dormant / Inactive Customers
18158.0,1,1,343.8,343.8,343.8,2,"Low-Spending, Occasional Customers"
18159.0,38,1,530.15,530.15,530.15,2,"Low-Spending, Occasional Customers"
18161.0,183,2,630.22,315.11,630.22,1,Regular / Developing Customers
18164.0,302,1,399.65000000000003,399.65000000000003,399.65000000000003,0,Dormant / Inactive Customers
18167.0,243,1,390.6,390.6,390.6,2,"Low-Spending, Occasional Customers"
18168.0,69,2,447.75,223.875,447.75,1,Regular / Developing Customers
18169.0,61,1,202.65,202.65,202.65,2,"Low-Spending, Occasional Customers"
18170.0,182,2,629.01,314.505,629.01,1,Regular / Developing Customers
18171.0,0,3,787.34,262.44666666666666,787.34,1,Regular / Developing Customers
18172.0,5,10,3418.6,341.86,3418.6,3,"High-Value, Frequent Customers"
18173.0,68,1,853.48,853.48,853.48,1,Regular / Developing Customers
18174.0,301,1,104.0,104.0,104.0,0,Dormant / Inactive Customers
18177.0,121,2,627.77,313.885,627.77,1,Regular / Developing Customers
18178.0,249,4,1590.81,397.7025,1590.81,1,Regular / Developing Customers
18179.0,162,2,545.8,272.9,545.8,1,Regular / Developing Customers
18180.0,1,3,940.75,313.5833333333333,940.75,1,Regular / Developing Customers
18183.0,68,1,312.8,312.8,312.8,2,"Low-Spending, Occasional Customers"
18185.0,250,1,304.25,304.25,304.25,2,"Low-Spending, Occasional Customers"
18196.0,215,1,235.85,235.85,235.85,2,"Low-Spending, Occasional Customers"
18198.0,121,7,2158.83,308.4042857142857,2158.83,3,"High-Value, Frequent Customers"
18202.0,342,1,485.73,485.73,485.73,0,Dormant / Inactive Customers
18203.0,217,1,160.42000000000002,160.42000000000002,160.42000000000002,2,"Low-Spending, Occasional Customers"
18205.0,274,1,291.6,291.6,291.6,0,Dormant / Inactive Customers
18209.0,29,1,139.10000000000002,139.10000000000002,139.10000000000002,2,"Low-Spending, Occasional Customers"
18210.0,60,2,499.27000000000004,249.63500000000002,499.27000000000004,1,Regular / Developing Customers
18211.0,190,1,137.9,137.9,137.9,2,"Low-Spending, Occasional Customers"
18215.0,31,1,299.34000000000003,299.34000000000003,299.34000000000003,2,"Low-Spending, Occasional Customers"
18216.0,121,1,481.75,481.75,481.75,2,"Low-Spending, Occasional Customers"
18217.0,60,1,303.85,303.85,303.85,2,"Low-Spending, Occasional Customers"
18218.0,5,2,641.92,320.96,641.92,1,Regular / Developing Customers
18219.0,96,3,680.1800000000001,226.7266666666667,680.1800000000001,1,Regular / Developing Customers
18221.0,5,3,708.81,236.26999999999998,708.81,1,Regular / Developing Customers
18222.0,123,1,443.0,443.0,443.0,2,"Low-Spending, Occasional Customers"
18223.0,190,4,1505.88,376.47,1505.88,1,Regular / Developing Customers
18225.0,161,3,799.1,266.3666666666667,799.1,1,Regular / Developing Customers
18226.0,32,5,2251.38,450.276,2251.38,3,"High-Value, Frequent Customers"
18227.0,188,1,93.75,93.75,93.75,2,"Low-Spending, Occasional Customers"
18229.0,0,7,2397.7400000000002,342.5342857142858,2397.7400000000002,3,"High-Value, Frequent Customers"
18230.0,60,4,1697.92,424.48,1697.92,1,Regular / Developing Customers
18232.0,217,1,129.64000000000001,129.64000000000001,129.64000000000001,2,"Low-Spending, Occasional Customers"
18235.0,32,2,749.8,374.9,749.8,1,Regular / Developing Customers
18236.0,60,4,626.49,156.6225,626.49,1,Regular / Developing Customers
18237.0,2,4,663.72,165.93,663.72,1,Regular / Developing Customers
18239.0,219,2,904.8100000000001,452.40500000000003,904.8100000000001,1,Regular / Developing Customers
18241.0,30,5,900.73,180.14600000000002,900.73,1,Regular / Developing Customers
18242.0,66,1,314.26,314.26,314.26,2,"Low-Spending, Occasional Customers"
18245.0,5,3,1395.63,465.21000000000004,1395.63,1,Regular / Developing Customers
18248.0,93,2,804.02,402.01,804.02,1,Regular / Developing Customers
18250.0,311,1,349.27,349.27,349.27,0,Dormant / Inactive Customers
18255.0,31,1,103.3,103.3,103.3,2,"Low-Spending, Occasional Customers"
18257.0,275,2,532.38,266.19,532.38,0,Dormant / Inactive Customers
18259.0,485,1,376.30000000000007,376.30000000000007,376.30000000000007,0,Dormant / Inactive Customers
18260.0,100,1,557.07,557.07,557.07,2,"Low-Spending, Occasional Customers"
18261.0,215,1,224.8,224.8,224.8,2,"Low-Spending, Occasional Customers"
18263.0,156,2,811.4,405.7,811.4,1,Regular / Developing Customers
18265.0,247,1,488.55,488.55,488.55,2,"Low-Spending, Occasional Customers"
18269.0,485,1,168.6,168.6,168.6,0,Dormant / Inactive Customers
18270.0,333,1,171.20000000000002,171.20000000000002,171.20000000000002,0,Dormant / Inactive Customers
18272.0,3,3,1761.3600000000001,587.12,1761.3600000000001,1,Regular / Developing Customers
18273.0,151,2,153.0,76.5,153.0,2,"Low-Spending, Occasional Customers"
18274.0,90,1,175.92,175.92,175.92,2,"Low-Spending, Occasional Customers"
18277.0,0,1,110.38,110.38,110.38,2,"Low-Spending, Occasional Customers"
18280.0,160,1,180.60000000000002,180.60000000000002,180.60000000000002,2,"Low-Spending, Occasional Customers"
18281.0,4,1,80.82,80.82,80.82,2,"Low-Spending, Occasional Customers"
18282.0,216,2,178.05,89.025,178.05,2,"Low-Spending, Occasional Customers"
18283.0,60,5,561.7,112.34,561.7,1,Regular / Developing Customers
18287.0,0,1,1001.3199999999999,1001.3199999999999,1001.3199999999999,1,Regular / Developing Customers
